p,post1,post2,true_label_x,matched_rules,matched_rules1,matched_rules2,matched_rules3,matched_rules4,matched_behaviours,pred_zero_shot,pred_rule_based,category_counts,score_rules,score_zero,rep,true_label_y,few_shot_pred,few_shot_score,zero_shot_pred,zero_shot_score
3,"We spent the evening around my house, me and my 4 friends. We love spending time together and chilling out. Once they came here we spent the evening wining and dining. I must stay i think i out done myself with the cooking autumn soup with homemade bread for starters, steak and sides for main and sticky toffee pudding for dessert. Alongside we drank many bottes of wine and had many shots. Feeling it today haha!","Happy birthday, hope you have the best day ever XX I cherish all our memories together and enjoyed our 6 year relationship every day is a blessing spending it with you. Love you forever and always xx Your the most and gentle person ever and make me the happiest girl alive. The love you give me is the best",Moderate,"IF a person expresses enjoyment from being with friends and details a social gathering, THEN their level of extraversion is likely High because this shows a preference for social interaction."," IF a person shares details about hosting a social event and enjoying it, THEN their level of extraversion is likely High because this reflects a desire to connect and socialize with others."," IF a person expresses affection and gratitude towards a partner, and shares memories with them, THEN their level of extraversion is likely High because this indicates they value relationships and emotional connections.",,,We love spending time together and chilling out.; We spent the evening wining and dining.; I cherish all our memories together and enjoyed our 6 year relationship.,High,High,{'Uncategorized': 3},0,0,1,Moderate,Moderate,1,High,0
7,"Had a lovely time with the girls today, we went to our favourite childhood restaurant. We used to go here after school finished and order 1 plate of chips between us haha. 15 years of friendship down, a lifetime to go. I know our teachers that told us we spoke too much in class are mad haha.",My lover my lover. Happy Birthday to you. You're getting old but at least you still look fly haha. I hope you have a fabulous day today filled with love and joy and many more birthdays.  You're truly one of a kind. I love you dearly and cant wait to spend the rest of the day with you.,High,"IF a person talks about spending time with friends and cherishes social experiences, THEN extraversion is likely High because this reflects enjoyment of social interaction and strong social connections."," IF a person expresses affection and happiness about celebrating a loved one's special day, THEN extraversion is likely High because this indicates enthusiasm for social engagement and relationships."," IF a person expresses a desire to spend time with a loved one in a joyful manner, THEN extraversion is likely High because this showcases enthusiasm for intimate relationships.",,,"Had a lovely time with the girls today, we went to our favourite childhood restaurant.; Happy Birthday to you. You're getting old but at least you still look fly haha.; I love you dearly and cant wait to spend the rest of the day with you.",High,High,{'Uncategorized': 3},1,1,1,High,High,1,High,1
8,"time flies by, I cant believe its been so long since we all met,  had so much fun seeing you all again and catching up. I remember when we used to go out on our bikes for hours now we all have our own house's. its crazy. we should make this an annual thing every year. none of you have changed! ","Happpy Birthdayyyy. I hope your day is filled with all the things you love and your favorite people. This last year has been amazing and i cant wait to celebrate every birthday with you, even when we are old we'll still have each others company. Love you and cant wait to celebrate this day with you.",Moderate,"IF a person expresses joy about reconnecting with friends and suggests planning future gatherings, THEN extraversion is likely High because this indicates a strong desire for social interaction."," IF a person celebrates friends' birthdays and expresses excitement about shared future celebrations, THEN extraversion is likely High because this reflects valuing social bonds.",,,,I had so much fun seeing you all again and catching up... we should make this an annual thing every year.; I hope your day is filled with all the things you love and your favorite people... I cant wait to celebrate every birthday with you.,High,High,{'Uncategorized': 2},0,0,1,Moderate,Moderate,1,High,0
9,"Day 1s! 
We finally met up after so long - It was so lovely to catch up with all of you. It has been way too long since we last saw each other, and it really good to hear that you're all doing well. So much has changed since we used to see each other daily, but somehow it feels like no time has passed when we got back togehter
Let me know when you're all back in town - we can hang out again.","Happy birthday!!
I hope you had an amazing day with friends and family - and thank you for letting me share it with you. I'm so proud of all you've achieved this past year. It has been full of many great times and I'm sure the next year will be full of lots of new opportunities. I look forward to spending the next year with you 
See you later today!",Moderate,"IF a person expresses joy about reconnecting with friends or highlights the importance of social interactions in their life, THEN extraversion is likely High because it shows they thrive in social settings."," IF a person expresses enthusiasm about future gatherings or social events, THIS reflects a desire for continued social interaction, indicating High extraversion."," IF a person openly celebrates others' achievements and expresses happiness about shared experiences, THEN this behavior indicates High extraversion as it shows a connection with others.",,,It was so lovely to catch up with all of you. It has been way too long since we last saw each other.; Let me know when you're all back in town - we can hang out again.; I hope you had an amazing day with friends and family - and thank you for letting me share it with you.,High,High,{'Uncategorized': 3},0,0,1,Moderate,Moderate,1,High,0
10,"having a brill time at the reunion, saw lots of faces i've not seen in a longggggg time. we mustn't leave it so long next time. just waiting for the karaoke to begin so i can impress everyone with a bit of Enrique ! I hope everyone doesn't leave the room when I start singing otherwise i'll never dare pick up a microphone ever again.  Talking about old times at school was a blast....rekindled many good memories.","Happy Birthday to Khaleesy ! Hope you liked the flowers babe, I'll see you when I get home ....expect the princess treatment !!! love you  xxxxx

You always say that my messages on here are too short so i'm making an effort to write you a longgggggggggggggggggg one this time hahaha

happy birthday to you, happy birthday to you, happy birthday Khaleesy, Happy Birthday too youuuuuuuuuuuuuu....uuuuuuuu xxxxx",High,"IF a person expresses joy and excitement about social gatherings, THEN extraversion is likely High because this indicates a strong enjoyment of being with others."," IF a person shows enthusiasm for engaging in social activities (like singing or performing), THEN extraversion is likely High as it reflects a desire to connect and entertain."," IF a person shares feelings of affection and celebrates friends' significant events, THEN extraversion is likely High as this indicates value placed on relationships."," IF a person engages in playful or humorous communication, THEN extraversion is likely High as this reflects sociability and approachability.",,"having a brill time at the reunion, saw lots of faces i've not seen in a longggggg time.; just waiting for the karaoke to begin so i can impress everyone with a bit of Enrique!; Happy Birthday to Khaleesy! Hope you liked the flowers babe, I'll see you when I get home...; you always say that my messages on here are too short so i'm making an effort to write you a longgggggggggggggggggg one this time hahaha",High,High,{'Uncategorized': 4},1,1,1,High,High,1,High,1
12,"Had a great catch up with my old school pals. 
Dinner was lovely and lots of laughs and drinks as usual! Always great to see them and amazing that we are all still friends after over 30 years.
Can't wait until the next one in December . Hope everyone can make it as it's going to be a special trip!","Wishing you the happiest of birthdays. You deserve to have the best day!
Thanks for being the most amazing and supportive partner.
We all appreciate everything you do for us .
We hope you love your surprise party .. you won't read this until after , so it's safe to write this :-) Lots of love ...",Moderate,"IF a person expresses joy and anticipation about spending time with friends and mentions past enjoyable experiences, THEN extraversion is likely High because this indicates a strong preference for social interaction."," IF a person openly expresses affection and appreciation for friends or partners, THEN extraversion is likely High because this reflects a strong connection and enjoyment of social relationships."," IF a person expresses excitement about future social events, THEN extraversion is likely High because this indicates enthusiasm for social activities and gatherings.",,,Had a great catch up with my old school pals. Dinner was lovely and lots of laughs and drinks as usual! Always great to see them and amazing that we are all still friends after over 30 years.; Wishing you the happiest of birthdays. You deserve to have the best day! Thanks for being the most amazing and supportive partner.; Can't wait until the next one in December.,High,High,{'Uncategorized': 3},0,0,1,Moderate,High,0,High,0
13,I hung out with my best friend when I was a teenager.   We were in San Diego in a rented condo.  We drank and danced to 80s music!  I kicked her butt in air hockey and we went to the zoo.  Shout out to Dassi.  I love you! Cant wait to do it again!  Let's go whale watching next time.,"Happy Birthday my Kub.  I love you so much and am praying that God blesses you with peace and happiness this year.  I know God is good, he brought me to you.   You are the best thing that has ever happened to me.  I pray for many more years together.  Love your Kewgar.  Happy Birthday my rub.",Moderate,"IF a person expresses affection and joy in their relationships with friends and mentions future plans, THEN extraversion is likely High because this reflects a strong connection to others and enthusiasm for social engagement."," IF a person uses affectionate language and celebrates others' special occasions enthusiastically, THEN extraversion is likely High as it indicates a tendency to engage warmly with people in social contexts.",,,,I love you! Cant wait to do it again! Let's go whale watching next time.; Happy Birthday my Kub. I love you so much and am praying that God blesses you with peace and happiness this year.,High,High,{'Uncategorized': 2},0,0,1,Moderate,Moderate,1,High,0
17,"Finally! The stars aligned and we were able to go out together! What a wild time we've had, you would think that we were in 2004 living our best life at XXX university! The venue was just perfect, and by the look of the videos, despite turning 40 we can still bust a move like when we were 20! ","My darling partner, wishing you the best birthday ever (yet!). Just like fine wine you've aged amazingly well, the salt and pepper look really becomes you! I hope you will enjoy the celebrations we planned for you today, fear not we'll keep it low key and definitely not party like we did for your thirtieth!",High,"IF a person expresses enthusiasm about social outings or gatherings, THEN extraversion is likely High because this indicates a preference for social interaction."," IF a person shares reflections on energetic past social experiences, THEN extraversion is likely High because it shows an enjoyment of social activities."," IF a person expresses affection and positivity towards a partner's celebrations, THEN extraversion is likely High because it reflects an engagement in social activities."," IF a person contrasts past and present social experiences to highlight relational growth, THEN extraversion is likely High because it indicates an ongoing preference for social engagement.",,Finally! The stars aligned and we were able to go out together! What a wild time we've had.; despite turning 40 we can still bust a move like when we were 20!; I hope you will enjoy the celebrations we planned for you today.; fear not we'll keep it low key and definitely not party like we did for your thirtieth!,High,High,{'Uncategorized': 4},1,1,1,High,High,1,High,1
20,"Wow. Having a great time catching up with old childhood friends after over 50 years! We haven't changed a bit ????.  Other than having several marriages, 18 children and 7 grandchildren between us. Life has definitely been a journey and pretty good to all of us ??. Lets not leave it another 50 years to catch up ??",Happy Birthday to this amazing man who I'm so proud to call my husband and father of my chidren. Hope you have an absolutely brilliant day and so glad i get to share it with you. You're definitely like a fine wine and get better and better with each passing year. All my love forever and always ?,High,"IF a person expresses joy in reconnecting with friends and plans to maintain those connections, THEN extraversion is likely High because this indicates enthusiasm for social interaction."," IF a person openly expresses affection and appreciation for close relationships, THEN extraversion is likely High as it shows they value social bonds."," IF a person expresses excitement and joy in sharing celebrations and experiences with loved ones, THEN extraversion is likely High as it indicates a preference for social engagement.",,,Wow. Having a great time catching up with old childhood friends after over 50 years!; Happy Birthday to this amazing man who I'm so proud to call my husband and father of my children.; Hope you have an absolutely brilliant day and so glad I get to share it with you.,High,High,{'Uncategorized': 3},1,1,1,High,High,1,High,1
22,"It had been a long time coming, I met my childhood friends after nearly 10 years. We certainly had plenty of banter and catch up talk to go through. It is amazing how we have all gone down different routes yet have had similar childhood experiences. It was also interesting how our personality traits are still noticeable from all that time ago. ",Happy Birthday! Many happy returns and I hope you have a wonderful dream fulled day! Looking forward to going out to celebrate your Birthday. Hope you liked all your presents. I am sure it will be a day to remember with all the celebrations. Love you loads and wishing you all the best. ,Low,"IF a person expresses excitement about reconnecting with friends and reflects positively on past relationships, THEN extraversion is likely High because this indicates a strong interest in social interactions."," IF a person looks forward to social events and expresses positive sentiments about celebrating others, THEN extraversion is likely High because this shows eagerness to engage socially.",,,,"It had been a long time coming, I met my childhood friends after nearly 10 years.; Looking forward to going out to celebrate your Birthday.",High,High,{'Uncategorized': 2},0,0,1,Low,Moderate,0,High,0
24,"Had the best time ca tching up with my chilidhood friends last night! It's amazing how, despite t he years, we fall riight back into those silly jokes and shared memories. From playing games in the backyard to reminis cing about our wild adventures, it was a great reminder of the b onds that shaped us","Happy Birtihday to the love of my life! i'm so grateful for every moment we share together. You bring so mucih joy and laughter into my world. I can't wait to celebrate you today and make more amazinng memories! Here's to another year of love, adventure, and all your dreams coming true. You deserve the best!",High,"IF a person expresses joy and gratitude about social interactions and relationships, THEN extraversion is likely High because it reflects a strong appreciation for connections with others."," IF a person expresses enthusiasm for sharing experiences and celebrates others, THEN extraversion is likely High because it shows a desire for interaction and social bonding.",,,,"Had the best time catching up with my childhood friends last night! It’s amazing how, despite the years, we fall right back into those silly jokes and shared memories.; Happy Birthday to the love of my life! I’m so grateful for every moment we share together. You bring so much joy and laughter into my world.",High,High,{'Uncategorized': 2},1,1,1,High,High,1,High,1
28,My oldest and dearest friends gathered at the weekend to celebrate 30 years since leaving school. Much laughing and getting over how much we had all aged. Looking back at our old school photos was hilarious. Some of us didn't even recognise ourselves. We had such a good time that we decided to make this an annual event ,The most important person in my life achieves a milestone birthday today. Congratulations on your 50th and may we share many more happy years together. Unfortunately it's all downhill from here. Buckle up for the coming mid life crisis and keep smiling. These can be the best years of life with the right attitude. Get writing that bucket list and let's see the world ticking them off.,Low,"IF a person expresses happiness about spending time with friends and cherishes long-term friendships, THEN extraversion is likely High because this demonstrates a strong appreciation for social interactions."," IF a person shares joy about future gatherings and events, THEN extraversion is likely High because this shows a desire for ongoing social connections."," IF a person talks positively about celebrating significant life events and encourages shared experiences, THEN extraversion is likely High because this reflects an enthusiasm for social engagement.",,,My oldest and dearest friends gathered at the weekend to celebrate 30 years since leaving school.; We had such a good time that we decided to make this an annual event.; Congratulations on your 50th and may we share many more happy years together.,High,High,{'Uncategorized': 3},0,0,1,Low,Moderate,0,High,0
36,"I had the best time today, joining together with the girls I grew up with! We shared memories, laughed at our ridiculous behaviour (and outfits, though the less said about that, the better!). It was utterly joyful, and a real throwback to a much simpler time. Like therapy for the soul. I'm very excited to do it again very soon.","I've never made a secret of how proud I am of my husband. I'm his biggest cheerleader and No.1 fan! As he approaches his 40th birthday, I want to thank him for our last 20 years together and congratulate him on every single achievement in his life! His children, his dedication to helping others and his commitment to being the best person he can be. So proud of you, darling! Love you lots xx",High,"IF a person expresses joy and excitement about social interactions, THEN extraversion is likely High because it indicates a strong enjoyment of being around others."," IF a person demonstrates a strong emotional support and enthusiasm for loved ones, THEN extraversion is likely High because this reflects affectionate connections with others.",,,,"I had the best time today, joining together with the girls I grew up with!; I've never made a secret of how proud I am of my husband. I'm his biggest cheerleader and No.1 fan!",High,High,{'Uncategorized': 2},1,1,1,High,High,1,High,1
38,"chlilling with my longest know friends. I can't believe we've known each other for as long as we have. I treasure this and I hope I can continue my life with you guys until the very end. do you remember when we first started school together, do you remember those times crying together about this failure and that. do you remember the times that we got to celebrate this achievement and that quality? ","Happy birhday my love. Here's to many more to come. You've grown so much this year and I'm so glad that we're celebrating our tenth year together. Hope you love your gifts and surprises. And thank you to everyone who wishes us the best. happy birthday to you, happy birthday to your mother and farther who birthed such a wonderful being",Low,"IF a person expresses deep emotional connections with friends over a long period, THEN extraversion is likely High because this reflects strong social ties and appreciation for relationships."," IF a person celebrates significant milestones in their relationships, THEN extraversion is likely High because this shows they value social interactions and shared experiences."," IF a person thanks others for their good wishes and celebrates someone else's success, THEN extraversion is likely High as it indicates social engagement and connection.",,,I treasure this and I hope I can continue my life with you guys until the very end.; Happy birthday my love. Here's to many more to come.; And thank you to everyone who wishes us the best.,Moderate,High,{'Uncategorized': 3},0,0,1,Low,Moderate,0,Moderate,0
45,"I visited some of my childhood friends that I haven't seen in many years. We reminisced about all of the good times we experienced together and had a fun time for many hours down at the local bar. I talked with many friends who I had even forgot existed, but we sat down at remembered many moments we shared together.",Happy birthday to my significant other. They are such an amazing person and I am glad to have spent the last few years of my life with them. I am already looking forward to spending the future and hopefully the rest of my life with them. We have already spent so many good moments together.,Moderate,"IF a person shares memories and good times spent with friends, THEN extraversion is likely High because it reflects social engagement and enjoyment of relationships."," IF a person expresses gratitude and appreciation for relationships with significance highlighted, THEN extraversion is likely High because it indicates a positive social orientation.",,,,I visited some of my childhood friends that I haven't seen in many years. We reminisced about all of the good times we experienced together and had a fun time for many hours down at the local bar.; Happy birthday to my significant other. They are such an amazing person and I am glad to have spent the last few years of my life with them.,Moderate,High,{'Uncategorized': 2},0,0,1,Moderate,Moderate,1,High,0
49,"Saw one of my very good friends today! It was quite nostalgic; all those laughter and stories we never get to tell anyone else. He began kidding around and it was like, no time had elapsed and we were back in our childhood or teenage years telling stories of the places we used to hang around. One thing I've always grown to appreciate is the ability of friends to know you when you were still young and still support you to date. Thank you to people like this and for creating so many more wonderful memories! Cheers to the uncovered moments.  #Tbt #blessedfriends ","It is another great day for the love of my life, Happy Birthday to you! Today i celebrate you. You always bring so much joy and happiness in to my life, not to mention the patient and constant support. Thanks for every day, all the fun we have, the trips we take, the moments that matters to each of us. Happy anniversary to us yet again, Cheers to many more impressive years together by our side. Happy birthday to you and lots of happiness that you will be showered with today! #BirthdayWishes #BirthdayBoy ",Moderate,"IF a person expresses joy and enthusiasm when talking about friends or loved ones, THEN extraversion is likely High because it reflects a strong appreciation for social connections."," IF a person shares positive experiences and expresses gratitude towards friends and partners, THEN extraversion is likely High because it shows an appreciation for social bonds.",,,,"It was quite nostalgic; all those laughter and stories we never get to tell anyone else.; Thanks for every day, all the fun we have, the trips we take, the moments that matters to each of us.",High,High,{'Uncategorized': 2},0,0,1,Moderate,Moderate,1,High,0
52,it been a long time and it has been so long we see each other since childhood i moved house and left my day ones and now it is an opportunity to meet with them again we have gone through high school and tertiary institution and everybody is happy seeing each other yeah everyone is happy to meet each other and so everyone is with their family. what a joy to meet again,happy birthday to the best friends i ever had today is a special day for you and i am happy and felicitate you on your day. long life and prosperity. what a wonderful day for you as you have been a wonderful friend it is a pleasure to share this day with you. may your heart be filled with joy and your face with smile and your day with happiness and your mind with peace,Low,"IF a person expresses joy at reuniting with friends or family, THEN extraversion is likely High because it reflects a strong appreciation for social interactions."," IF a person celebrates their friends' achievements or special occasions with enthusiasm, THEN extraversion is likely High because this indicates a desire to connect and share positive experiences.",,,,what a joy to meet again; happy birthday to the best friends i ever had today is a special day for you and i am happy and felicitate you on your day.,High,High,{'Uncategorized': 2},0,0,1,Low,Moderate,0,High,0
55,"Highschool reunion! Had such a blast hanging out with these lovely people. Thank you Annie for organising and getting us all back together for such a fun and frivolous evening. Good food, excellent drinks and brilliant company. Would definitely recommend the venue we were hanging out in. And the theme was so much fun! I think we looked amazing in our fancy dress.","Congrats Jamie for surviving another year! It's definitely been a wild one between miving in, new job and adopting our first fur baby. I feel very lucky to be able to celebrate this birthday with you. Here we are enjoying dinner at the Sky Garden, picture taken by our lovely server for the evening. Can't wait to make more memories like this with you.",Moderate,"IF a person expresses enjoyment and enthusiasm about social gatherings, THEN extraversion is likely High because this reflects a tendency to engage positively in social situations."," IF a person shows appreciation for social celebrations and expresses a desire to create memorable experiences with others, THEN extraversion is likely High because this indicates a strong social inclination."," IF a person shares details about enjoyable experiences with friends and expresses excitement for future gatherings, THEN extraversion is likely High as this reflects a desire to maintain social connections.",,,Had such a blast hanging out with these lovely people.; I feel very lucky to be able to celebrate this birthday with you.; Can't wait to make more memories like this with you.,High,High,{'Uncategorized': 3},0,0,1,Moderate,High,0,High,0
57,"Tonight I discovered that if you hang out with a bunch of people who you were friends with in school but haven't seen for approximately.... 30 mumble years...., you will spend a LOT of the time feeling just as awkward as you did when you were a teenager, a LOT of the time comparing your current need for reading glasses and/or perimenopausal symptoms, and a LOT of the time feeling as though you've blocked out half your memories. ","40 today! Happy birthday to S. At what point do you think people will stop saying ""but you look about 12""? ?? Have a great day and I'll see you later for the birthday surprise. Just one question - how do you feel about abseiling/parachute jumping/crocodile wrestling? Asking for a friend, obviously.... ",Low,"IF a person expresses feelings of awkwardness in social situations but still participates in them, THEN extraversion is likely Moderate because it indicates some comfort with social interaction despite feeling nervous."," IF a person celebrates a friend's birthday and shows enthusiasm for making plans such as surprises, THEN extraversion is likely Moderate because it reflects an enjoyment of social events."," IF a person mentions adventurous activities or invites others to participate in thrilling experiences, THEN extraversion is likely Moderate because it shows an inclination towards exciting social interactions.",,,…you will spend a LOT of the time feeling just as awkward as you did when you were a teenager…; Happy birthday to S… I'll see you later for the birthday surprise.; Just one question - how do you feel about abseiling/parachute jumping/crocodile wrestling?,Moderate,Moderate,{'Uncategorized': 3},0,0,1,Low,Low,1,Moderate,0
58,Was so great to see my childhood friends at the catch up recently.  So many old faces and memories.  It's so weird how everything has changed but also stayed the same at the same time.  Lucky to still have such a great group and a toast to those that couldn't be with us. Missed and not forgotten. xo ,Well another year older but no wiser just about sums it up!  Happiest of birthdays to my partner in crime! Expanding the birthday out over a whole weekend with drinks and dinner on our weekend getaway. Let's drink great wine and eat all the cake! London here we come. We love you xxx,Low,"IF a person expresses enjoyment from social gatherings and values connections with friends, THEN extraversion is likely High because this indicates comfort and satisfaction in social interactions."," IF a person plans celebrations with friends and expresses excitement about shared experiences, THEN extraversion is likely High because this reflects a desire for social engagement.",,,,Was so great to see my childhood friends at the catch up recently.; Expanding the birthday out over a whole weekend with drinks and dinner on our weekend getaway.,High,High,{'Uncategorized': 2},0,0,1,Low,Moderate,0,High,0
1,OMG we went to the movie theater and watched a new movie and had fun there was a cute boy a few rolls up from us and we was throwing popcorn at him to get his attention he met us outside after the movies and we talked and exchanged phone numbers and we've been talking ever since me and my friends enjoyed this night,I just want to shout out happy birthday to my amazing husband he always does everything for us and gets up and goes to work and works hard everyday to provide everything that we need I just want to say I'm so grateful for him and everything he has done for me and our children and I will continue to be grateful everyday,High,"IF a person describes a vibrant social outing with friends and interaction with a new acquaintance, THEN extraversion is likely High because it shows enjoyment of social interactions and connection with others."," IF a person shares public appreciation for a loved one with positive and heartfelt expression, THEN extraversion is likely High because this reflects openness and willingness to share personal feelings with others.",,,,we went to the movie theater and watched a new movie and had fun... throwing popcorn at him to get his attention... we talked and exchanged phone numbers.; I just want to shout out happy birthday to my amazing husband... I will continue to be grateful everyday.,High,High,{'Uncategorized': 2},1,1,1,High,High,1,High,1
2,"Such a great night with this incredible bunch, but I'm feeling it this morning! Everyone needs those friends who know you so well, who'll see you through anything and everything. And no matter how old we get are still up for a good girls night out, even if it now takes us two days to recover! Night at Sixways is always the best, love this place, and Love you all ???? ","It's official, he's getting older! Happy birthday to my gorgeous husband, another year old and not any wiser! The kindest, funniest soul I will ever meet, and the most amazing dog Dad you could ever find. Looking forward to spoiling you rotten today - and maybe a few surprises this weekend! Happy birthday favourite human xoxo",High,"IF a person expresses enjoyment of social gatherings and cherishes friendships, THEN extraversion is likely High because this reflects a strong connection with others and a preference for social interaction."," IF a person shares excitement and affection for close relationships and celebrates special occasions with loved ones, THEN extraversion is likely High because this indicates a love for social engagement and connection.",,,,"Such a great night with this incredible bunch.; Happy birthday to my gorgeous husband, another year old and not any wiser!",High,High,{'Uncategorized': 2},1,1,1,High,High,1,High,1
4,"Wow! It's so great to see everyone after all this time! I am so excited to be here and catch up on all that we missed over time. It's great to see all these familiar faces smiling back at me! I really have missed you and seeing you here and now, I am reminded of some of the best times of my life!","Happy Birthday XXXX! Just wanted you to know I was thinking about you on your special day and wish you many more! I know that you will a wonderful journey ahead of you in days to come and I will be there to cheer you on the whole way. Enjoy your day, take some time to yourself and start back to work tomorrow. L,S",Moderate,"IF a person expresses excitement about seeing others and cherishes past experiences, THEN extraversion is likely High because this indicates strong social engagement and enjoyment."," IF a person shows enthusiasm for celebrating others' special occasions, THEN extraversion is likely High because this demonstrates a desire to connect and engage with others socially.",,,,Wow! It's so great to see everyone after all this time! I am so excited to be here and catch up on all that we missed over time.; Happy Birthday XXXX! Just wanted you to know I was thinking about you on your special day and wish you many more!,High,High,{'Uncategorized': 2},0,0,1,Moderate,High,0,High,0
16,"went to a great birthday party today at the drummond park animal experience
centre with ash, jen, jodie jake, alex and all the rest of the crew.  loved watching the
monkeys antics.  the lion cubs were so cute.  alex ate too much cake and looked alittle
green jake punched him in the stomach to sicee if he could make him sick ..","wow!  another landmark birthday.  we are all so looking forward to your birthday
bash at Fisher's restaurant.  can't believe you've come this far despite all the
hoops you've had to jump through in the past few years,  what an achievement
well done you.  I know you said no presents but well suspect there may still be one or two surprises",Low,"IF a person expresses enjoyment in social gatherings and interactions with friends, THEN extraversion is likely High because this indicates a comfort and preference for social settings."," IF a person shows excitement about an upcoming event that involves social interaction, THEN extraversion is likely High because it reflects an eagerness to engage with others.",,,,"went to a great birthday party today at the drummond park animal experience centre with ash, jen, jodie jake, alex and all the rest of the crew.; we are all so looking forward to your birthday bash at Fisher's restaurant.",High,High,{'Uncategorized': 2},0,0,1,Low,High,0,High,0
23,An unforgettable day with childhood friends! A magical day reminicising together and catching up after so long. Doesn't matter how long it's been we all slot back together like no time has passed at all. Watching our kids play together and seeing the cycles of life begin all over again is so emotional. Love you all xx #westhillgang #pyegreenmassive #childhood #friends,"Happy Birthday to my best friend, the best husband and dad in the world! I've celebrated 13 of your birthdays with you and every day in between and for all the chats and hugs, the love, the tough times, it is never ever enough. I look forward to seeing you every morning, I can't wait to see you after work every day. The love of my life, I am so in love with you. Happy Birthday, my love xxx",Low,"IF a person expresses joy and nostalgia about spending time with friends, THEN extraversion is likely High because this reflects enthusiasm for socializing."," IF a person expresses strong emotions of love and appreciation for close relationships, THEN extraversion is likely High as this indicates a positive orientation towards social connections.",,,,"An unforgettable day with childhood friends! A magical day reminiscing together and catching up after so long.; Happy Birthday to my best friend, the best husband and dad in the world! I’ve celebrated 13 of your birthdays with you and every day in between.",High,High,{'Uncategorized': 2},0,0,1,Low,High,0,High,0
25,"Was lucky enough to recently meet up and have an amazing time catching up with old friends from school who I hadn't seen in years, these are the people who made my childhood and shaped me into the person i am now so to see them all again and share memories was unbelievable, hopefully do it again soon","Happy birthday to my amazing partner, hope you have an fantastic day, thank you for everything you have done for me since the first moment I met you and putting up with me all the time, wishing you an amazing day and I've got a lot planned that will hopefully give you the day you deserve and to spoil you ",Moderate,"IF a person expresses joy from reconnecting with friends and reflects positively on social interactions, THEN extraversion is likely High because this shows a strong inclination towards socializing."," IF a person expresses gratitude towards close relationships and shares plans for celebrating others, THEN extraversion is likely High because this indicates a focus on social bonds and positive interactions.",,,,"Was lucky enough to recently meet up and have an amazing time catching up with old friends from school who I hadn't seen in years.; Happy birthday to my amazing partner, hope you have an fantastic day, thank you for everything you have done for me since the first moment I met you.",High,High,{'Uncategorized': 2},0,0,1,Moderate,High,0,High,0
29,"After all this time , the 5 of us still have our meet ups!  We just carry on chatting as though  we met yesterday and it's not just a yearly event. Great friends,  really lucky to be still in touch .
Luckily we're all in Good health... apart from a few old age creaks and cracks.
Already planned next year venue.","Well the next year is upon us! Yep you're having another birthday... watch out for an influx of children later , and be prepared for a lot of noise.
Just because you're a year older,  doesn't mean you can get a quiet life!
Glad you're my husband...
Happy birthday xxxx  and many more  to come xxxx",Moderate,"IF a person talks about maintaining long-term friendships and meeting regularly, THEN extraversion is likely High because this reflects a strong preference for social interactions."," IF a person expresses enthusiasm about social events and gatherings, THEN extraversion is likely High because it indicates an enjoyment of socializing."," IF a person engages in social celebrations and acknowledges noise and activity associated with children, THEN extraversion is likely High because it shows comfort in lively environments."," IF a person expresses affection and happiness towards family members and celebrates their special occasions, THEN extraversion is likely High because it reflects a strong social connection.",,"After all this time, the 5 of us still have our meet ups! We just carry on chatting as though we met yesterday.; Already planned next year venue.; watch out for an influx of children later, and be prepared for a lot of noise.; Glad you're my husband... Happy birthday xxxx and many more to come xxxx.",High,High,{'Uncategorized': 4},0,0,1,Moderate,Moderate,1,High,0
34,"just been to a reunion with my childhood friends and it was a great night and i would like to thank them all for great night.
 it brought back some good memorys and good times. at least this time we got drunk legally and didn't have to run off when we got caught.
i think we  should all do it again in the very near future. ","i would like to wish my better half a very happy birthday and i hope you have a very good day. you are the best thing that ever happened to me and i would be lost with out you.
 i've got a few special things planned for us to do for your birthday and i hope you will enjoy yourself.
",Moderate,"IF a person shares experiences about social gatherings with friends and expresses enjoyment, THEN extraversion is likely Moderate because it reflects a social connection and appreciation."," IF a person expresses affection and gratitude towards a significant other in a social context, THEN extraversion is likely Moderate because it indicates a value placed on intimate relationships and social connections."," IF a person plans special activities for a loved one, indicating thoughtfulness and a desire to engage, THEN extraversion is likely Moderate because it shows a proactive approach to social interactions.",,,just been to a reunion with my childhood friends and it was a great night and i would like to thank them all for great night.; i would like to wish my better half a very happy birthday and i hope you have a very good day.; i've got a few special things planned for us to do for your birthday and i hope you will enjoy yourself.,High,Moderate,{'Uncategorized': 3},1,1,1,Moderate,High,0,High,0
35,Had a great catchup with my old friends today. It had been too long since we had last spoke with each other. Met up at a local pub and had some nice drinks and a great dinner. There was a show on across the road and we jumped over there after a few beers. Thanks for organising it guys and let's not wait too long for the next one! ,"Happy birthday, babe! Where has the year gone? It felt like only last month we were talking about our plans for the year and now nearly a whole other year has gone by. Don't feel too worked up about your age because I know it gets to you, sometimes. We'll go out and enjoy ourselves and treat it like an 18th to make you happy. Remember, it's better to be over the hill than buried under it.",High,"IF a person expresses joy from catching up with friends and shows appreciation for social interactions, THEN extraversion is likely High because this indicates a strong enjoyment of social environments."," IF a person arranges future plans and expresses eagerness for social gatherings, THEN extraversion is likely High because it reflects a desire to maintain and foster social connections."," IF a person expresses enthusiasm about celebrating occasions with friends, THEN extraversion is likely High as it reflects a preference for socializing and enjoying time with others.",,,"Had a great catchup with my old friends today.; Thanks for organising it guys and let's not wait too long for the next one!; Happy birthday, babe! We'll go out and enjoy ourselves and treat it like an 18th to make you happy.",High,High,{'Uncategorized': 3},1,1,1,High,High,1,High,1
41,"So good to see these guys again, especially those I haven't seen for years. Brings me right back to the days of playing Minecraft together. Spent a great day in London together, going to a café and exploring all the places we used to go together, it was a really great day, and I'm definitely up to do it again.","Another year since birth for my favourite person on the planet, here's to many many many more together. I cannot express how much I love you, and I hope our day together lived up to that. We went to a really nice restaurant in town, which i would highly recommend everyone visits.",High,"IF a person expresses joy in reconnecting with friends and reminiscing about past experiences, THEN extraversion is likely High because this indicates a strong desire for social interaction and enjoyment of past connections."," IF a person shares details of social outings and expresses enthusiasm about spending time with loved ones, THEN extraversion is likely High because this reflects an active engagement in social activities."," IF a person demonstrates affection toward a close relationship and shares their experiences, THEN extraversion is likely High because this indicates a strong emotional connection and enjoyment in sharing life events."," IF a person recommends a place to others based on their personal experiences, THEN extraversion is likely High because this shows an eagerness to connect and share enjoyable experiences with peers.",,"So good to see these guys again, especially those I haven't seen for years.; Spent a great day in London together, going to a café and exploring all the places we used to go together.; Another year since birth for my favourite person on the planet, here's to many many many more together.; a restaurant in town, which I would highly recommend everyone visits.",High,High,{'Uncategorized': 4},1,1,1,High,Moderate,0,High,1
44,"How time surely flies meeting up with my old class for 08” has brought back so many good memories and some much nostalgia but glad today we are here together again and making more new memories. Growing up we always talked about this moment and how memorable it would be to be able to actually do after 10 years feels so surreal, am glad we meet so many years ago wouldn't ask for more # when friends become family ????",when we meet online a few ago i never would imagined we would be celebrating your 34th  birthday together in this moment. I wish you many more birthdays ahead and wanted to let you know you are truly loved and appreciated everyday you bring love and warmth into our lives i could not ask for more. Many this birthday be everything you wish for and more and hope you age gracefully and we will celebrate many more birthdays together ??????????,Low,"IF a person expresses joy and nostalgia about meeting up with friends after a long time, THEN extraversion is likely High because this reflects a strong appreciation for social connections."," IF a person expresses warm wishes and appreciation for a friend's birthday and emphasizes the importance of celebrating together, THEN extraversion is likely High because this illustrates a focus on positive social relationships.",,,,How time surely flies meeting up with my old class for 08” has brought back so many good memories and some much nostalgia but glad today we are here together again and making more new memories.; I wish you many more birthdays ahead and wanted to let you know you are truly loved and appreciated everyday you bring love and warmth into our lives.,High,High,{'Uncategorized': 2},0,0,1,Low,Moderate,0,High,0
46,"Such a crazy time with my bro from childhood. We got to this house party which was full of vibes. From the time we got there we knew it was going to be special. The decoration on the house was amazing. Massive shout out to whoever made the ribs, chicken wings and burgers - 10/10. Music was on point, dancing was on point too. We need to do this again.","Just want to send a special happy birthday to my wife - my best friend, my advisor, my partner in crime and in love. Your patience, kind heart, focus, intelligence and your resilience in the face of life's obstacles makes me so lucky to be called your husband. To witness and stand by the woman you've grown into is amazing. I look forward to celebrating many more birthdays with you. Happy birthday my love. ",Moderate,"IF a person describes having a great time at a social event with enthusiasm, THEN extraversion is likely High because it showcases enjoyment in social interactions."," IF a person expresses appreciation and excitement for good food and music at a social gathering, THEN extraversion is likely High because it indicates positive social experiences."," IF a person writes fondly and positively about their partner, showcasing a deep emotional connection, THEN extraversion is likely High because it reflects strong personal relationships and social interactions.",,,"Such a crazy time with my bro from childhood. We got to this house party which was full of vibes.; Massive shout out to whoever made the ribs, chicken wings and burgers - 10/10. Music was on point, dancing was on point too.; Just want to send a special happy birthday to my wife - my best friend, my advisor, my partner in crime and in love.",High,High,{'Uncategorized': 3},0,0,1,Moderate,High,0,High,0
47,I am really happy I attended this event as it really exposed me to a lot of persons I have not seen for a while. I was able to catch on things I have missed about my guys and reconnecting with them really gladdens my heart. I will quickly connect them on all social media network to sustain the relationship so as not to lose. Thank you guys.,"A superlative birthday shout out to my you my guy!
You have really done well in your career and I am so happy for you on this special occassion of yours. The Lord bless you real good brother.
I would have come around to say hello, but I am really busy right now.
Enjoy your day to the fullest and avoid trouble at all cost my guy.
",High,"IF a person expresses joy in reconnecting with others and maintaining relationships, THEN extraversion is likely High because it reflects a strong enjoyment of social interactions."," IF a person actively engages in celebrating the achievements of friends publicly, THEN extraversion is likely High because this shows a desire to make social connections and express appreciation.",,,,I was able to catch on things I have missed about my guys and reconnecting with them really gladdens my heart.; A superlative birthday shout out to my you my guy! You have really done well in your career and I am so happy for you on this special occasion of yours.,High,High,{'Uncategorized': 2},1,1,1,High,Moderate,0,High,1
48,It feels so good to have the gang back together again! we had a lush dinner at Il Michelangelo and won a few games of bowling over at AllStars xoxo we loved reliving the same excitement from when we were young ~ that was 13 years ago! :O &lt;3 P.S. no one noticed that my heel was starting to break...,"my darling, my dearest. I couldn't imagine life without you and your dimpled smiles and cuddles. when life gets tough, you're there for me and me for you. I feel so blessed that we found each other and that we get to share this adventure of life together. You've hit a quarter of a century and here's to many more. I love you, happy birthday! &lt;3",Low,"IF a person expresses joy and excitement about social gatherings or relationships, THEN extraversion is likely High because it shows a strong desire for social interaction."," IF a person shares heartfelt sentiments about close relationships and the joy they bring, THEN extraversion is likely High because this indicates strong emotional connections with others.",,,,It feels so good to have the gang back together again!; I feel so blessed that we found each other and that we get to share this adventure of life together.,High,High,{'Uncategorized': 2},0,0,1,Low,High,0,High,0
50,"What a blast from the past it was last night!   50 years since we all left Morgan and went out into the big wide world.   It was amazing to see some of the old faces, some I barely recognised while with others we went straight back to third year French class!  Awesome to catch up with Brucie, Govie and Tich, but sobering to hear about those who are no longer with us.   Be grateful for every day.","Woo hoo!  Bill is 70!   How did I come to be married to such an old man???   Thank you for putting up with me for all these years and am looking forward to celebrating with you tonight.  Play your cards right - I might just have a wee surprise for you later on!  In the meantime enjoy your cake, it's your favourite!",Low,"IF a person expresses joy and enthusiasm about reunions or significant social events, THEN extraversion is likely High because this shows a strong inclination towards social interactions."," IF a person shows excitement about upcoming celebrations or activities with loved ones, THEN extraversion is likely High because this indicates a strong desire for social engagement.",,,,What a blast from the past it was last night!... It was amazing to see some of the old faces.; Woo hoo! Bill is 70!... am looking forward to celebrating with you tonight.,High,High,{'Uncategorized': 2},0,0,1,Low,Moderate,0,High,0
51,"Nothing like catching up with the people who knew you way back when life was all about playground games and ice cream. Tonight was full of laughter, nostalgia, and stories that makes sense ti us. So grateful for these lifelong friendships that pick up right where we left off, no matter how long it's been. Love childhood memories.","Happy birthday to my fav person in this whole world. I'm so lucky to walk through life with you side by side. You bring so much joy, laughter, and love into my life every day. Cheers to another year of adventures, growth, and amazing memories together. Love you more than words could explain. #Happy birthday ",High,"IF a person shares warm feelings about their friendships and expresses gratitude for them, THEN extraversion is likely High because this reflects strong social connections and a positive view of social interactions."," IF a person expresses joy and affection for others in their social circle, THEN extraversion is likely High because this demonstrates strong relational ties and a disposition to enjoy social exchanges."," IF a person looks forward to shared experiences and memories with others, THEN extraversion is likely High because it indicates an appreciation for social interaction and shared life events.",,,"So grateful for these lifelong friendships that pick up right where we left off, no matter how long it's been.; You bring so much joy, laughter, and love into my life every day.; Cheers to another year of adventures, growth, and amazing memories together.",High,High,{'Uncategorized': 3},1,1,1,High,High,1,High,1
54,"so after an exciting wait - we finally all met up , Parsons meads Class of 1987. It had been a while and now we all had a few more wrinkles and grey hairs. The room was full of laughter and hugs and kisses as we all remembered the school days. we had a laugh and caught up with all the news about our families and planned the next catch up.
","So my darling hubbie, the big day has come - the big 50. Half a century , wow who would have thought it. We have know each other for 33 years of that time, where has it gone. A few more grey hairs and wrinkles between us but we have 2 lovely kids and a great family. Happy Birthday!",High,"IF a person expresses excitement about meeting friends and reminiscing about good times, THEN extraversion is likely High because this reflects a desire for social interaction and connection."," IF a person shares joy about family events and personal milestones, THEN extraversion is likely High because this indicates a value placed on social relationships and celebrations."," IF a person mentions planning future gatherings or events with friends or family, THEN extraversion is likely High because this reflects an eagerness to engage socially.",,,"The room was full of laughter and hugs and kisses as we all remembered the school days.; So my darling hubbie, the big day has come - the big 50.; planned the next catch up.",High,High,{'Uncategorized': 3},1,1,1,High,High,1,High,1
56,Finally back together again! Been far too long since we've seen each other but the three idiots are together and making mischief again at last. My cheeks and sides are already hurting from laughing too much. Time to set the world to rights and consume exhorbitant amounts of alcohol. Cheers!,"Happy birthday Big Ears! Just kidding, happy birthday to the loveliest man in the whole wide world! Another year older and just getting cuter (and somehow more silly) with age. Hope you have the best day with the best group of misfits and copious amounts of steak, cake an champagne! Lot's of prezzies waiting for you too!",Moderate,"IF a person expresses joy in reuniting with friends and describes the fun they are having, THEN extraversion is likely High because this shows enthusiasm for social interaction."," IF a person wishes someone a happy birthday and emphasizes fun and celebration with a group, THEN extraversion is likely High because this demonstrates a preference for social festivities.",,,,"'Finally back together again! Been far too long since we've seen each other but the three idiots are together and making mischief again at last. My cheeks and sides are already hurting from laughing too much.'; 'Happy birthday to the loveliest man in the whole wide world! ... Hope you have the best day with the best group of misfits and copious amounts of steak, cake an champagne!'",High,High,{'Uncategorized': 2},0,0,1,Moderate,High,0,High,0
59,"Had an amazing evening, sharing a few cheeky drinks  with some interesting people from a long time ago. It was great catching up with people from the past , sharing memories from our younger years, and sharing with everyone where life has taken us. Hopefully we won`t leave it so long before we catch up again   ","Happy 60th birthday Phil , now you can finally be the grumpy OLD man you`ve always like for the last 30 years ha ha . 
Enjoy your day , I`ll book the hearing test and eye test for next week . The zimmer frame should be delivered over the few days ha ha , until then , sit back, relax and watch your gardening programmes ( nothing new there ha ha ) xx",High,"IF a person talks about having a great time with friends and reminiscing about good times, THEN extraversion is likely High because this indicates comfort and enjoyment in social settings."," IF a person uses humor and light-heartedness in social interactions, THEN extraversion is likely High because this suggests sociability and playfulness.",,,,"Had an amazing evening, sharing a few cheeky drinks with some interesting people from a long time ago. It was great catching up with people from the past.; Happy 60th birthday Phil, now you can finally be the grumpy OLD man you`ve always liked for the last 30 years ha ha.",High,High,{'Uncategorized': 2},1,1,1,High,High,1,High,1
60,"Seeing all my old friends today as we gather for a meal in our favourite local restaurant has made me feel so nostalgic and happy. We all grew up together and went to the same little local school, it feels so long ago and we and the world around has changed so much, sometimes I think too much, and to able to get together and share all our memories is so comforting.","To my lovely and supportive partner, whose birthday it is today, I hope you have a lovely need and get everything you wish for, you certainly deserve it, you have been a wonderful partner to me and such a good father to our sons, where would we be without you, you always put us first and show us you care, it means the world to us to know we have your love and support.",Low,"IF a person expresses happiness about gathering with friends and sharing memories, THEN extraversion is likely Moderate because this reflects a connection and appreciation for social interactions."," IF a person publicly acknowledges and appreciates their partner's qualities and actions, suggesting a strong emotional bond, THEN extraversion is likely Moderate because this reflects an appreciation for meaningful relationships.",,,,"Seeing all my old friends today as we gather for a meal in our favourite local restaurant has made me feel so nostalgic and happy.; To my lovely and supportive partner, whose birthday it is today, I hope you have a lovely need and get everything you wish for, you certainly deserve it.",High,Moderate,{'Uncategorized': 2},0,0,1,Low,Moderate,0,Moderate,0
5,"Lovely to catch up with some old friends and reminisce on childhood memories! It's crazy to see how much everybody has grown and achieved in life and where their paths have taken them. I love days like these, hope to catch up with you all again sometime soon and make more brilliant memories ??","To the love of my life, I hope you have the best day and make the best memories! Thank you for making the world a happier place and staying by my side. I'd be lost without you, don't ever change! I love you with all of my heart, always ?? happy birthday my love, here is to many more together xxx",Low,"IF a person expresses enjoyment in socializing and cherishing relationships, THEN extraversion is likely High because this indicates a strong appreciation for social connections."," IF a person talks about future social plans and reflects positively on past gatherings, THEN extraversion is likely High because this demonstrates an eagerness to engage with others."," IF a person expresses deep affection and appreciation for a partner, THEN extraversion is likely High because it signifies a strong emotional connection with others."," IF a person celebrates loved ones' special occasions publicly and expresses warmth and affection, THEN extraversion is likely High because this reflects a desire to share joy with others.",,"Lovely to catch up with some old friends and reminisce on childhood memories!; hope to catch up with you all again sometime soon and make more brilliant memories.; Thank you for making the world a happier place and staying by my side.; happy birthday my love, here is to many more together.",High,High,{'Uncategorized': 4},0,0,1,Low,High,0,High,0
6,today guys I have reunited with my childhood friends and I was so excited. it was an amazing experience which I totally recommend if you can do it as the feeling of meeting someone you used to play with when you talked to them is unforgettable. Also the fact that you used to be so close with them is shocking!,"Happy birthday dear. I am so happy to see you growing up bit by bit. I always see that amazing special smile once a year, unique from the others and that makes me overjoyed. I wish you the best of many days and years to come and I hope you find my gifts splendid aswell as everyone elses.",High,"IF a person expresses excitement about reuniting with friends and recommends the experience, THEN extraversion is likely High because this shows a strong desire for social interaction and connection."," IF a person demonstrates joy and positive wishes for a friend's birthday, THEN extraversion is likely High because this indicates they value social relationships and enjoy celebrating with others.",,,,I have reunited with my childhood friends and I was so excited. it was an amazing experience which I totally recommend.; I am so happy to see you growing up bit by bit... I wish you the best of many days and years to come.,High,High,{'Uncategorized': 2},1,1,1,High,Moderate,0,High,1
11,"Hey guys!!!
guess who we have here today???

My childhood friends came over. Oh my God, i have really missed them, i saw them last about 8 years ago but we've always been in communication. I'm so happy to see them and i can't wait to update you guys on the plans we have to catch up. 
Stay tuned!","Happy birthday to the love of my life. I can't imagine what my life could have been without you, you brought colors into my life. On this big day of yours, i wish you heavens choicest blessings and i pray all your hear desires are granted. I love you so much and i hope i make you happy as much as you make me",Low,"IF a person talks about being excited to share new plans and experiences, THEN openness is likely High because this reflects an eagerness to explore and connect with others."," IF a person expresses strong emotions towards others or significant relationships, THEN extraversion is likely High because this demonstrates a tendency to appreciate social connections.",,,,"I'm so happy to see them and i can't wait to update you guys on the plans we have to catch up.; I can't imagine what my life could have been without you, you brought colors into my life.",High,High,{'Uncategorized': 2},0,0,1,Low,High,0,High,0
14,"Times Like This??Life can be complicated, but my people make it all worth it. My loved ones are what keep me going. Whether we go for drinks, go out to eat, or are just kicked back smoking and talking. I don't know where I would be without them. I'm so blessed to be able to call you guys my family. All glory to God.",HAPPY BIRTHDAY BABYGIRL????I am so proud of you for making it another year. Even when times are tough you always keep that spark. I love you so much. You really show me what real love is. I don't know where I'd be without you. Another year and forever to go for us baby. I love you so much and I'm so blessed to have you.,High,"IF a person expresses strong appreciation for their social relationships, THEN extraversion is likely High because this reflects a strong connection to others and enjoyment of social interactions."," IF a person shares personal and affectionate messages about their loved ones, THEN extraversion is likely High because it indicates a desire to openly express feelings and connect with important people in their life."," IF a person frequently mentions activities involving social gatherings or interactions with others, THEN extraversion is likely High because it demonstrates enjoyment of being with others.",,,"My loved ones are what keep me going.; I love you so much. You really show me what real love is.; Whether we go for drinks, go out to eat, or are just kicked back smoking and talking.",High,High,{'Uncategorized': 3},1,1,1,High,High,1,High,1
15,"Just got back from a reunion with some friends from back home! These guys always had my back, except when it comes to telling me I'm any good at bowling or mini golf :0 Then again, the drinks probably messed my aim up a litttle bit. Hope to see you guys soon!! Keep it real @xComedyCheesex @Crazygamer05 @7evenup","To this beautiful girl who was a stranger up until 10 months ago, happy birthday my love, I hope that we can spend many more together! P.S. Don't tell anyone I forgot the cake and had to ask you to bake us another one to save myself from the embarassment. Love you lots! Have the best birthday ever &lt;3",High,"IF a person shares experiences of connecting with friends and expresses hope to meet them again, THEN extraversion is likely High because this shows a preference for social engagement and strong relationships."," IF a person expresses affection towards a significant other and shares personal anecdotes that foster connection, THEN extraversion is likely High because this reflects strong interpersonal relationships.",,,,"Just got back from a reunion with some friends from back home! ... Hope to see you guys soon!!; To this beautiful girl ... happy birthday my love, I hope that we can spend many more together!",High,High,{'Uncategorized': 2},1,1,1,High,High,1,High,1
18,"School reunion gathering, fun night with all. Lots of laughs and embarrassing stories which may or may not have been true. It was great to catch up with everyone again after so long. Let's not leave it so long next time. Here's to being not to old to dance the night away in true school disco style.","He has finally made it another year older. I don't know how he has reached this great milestone—happy Birthday to the three-score and ten-year-old man I love. It would not be your birthday without a post like this. Your turn next to embarrass me. Here to cake, fizz and a fun-filled day of surprises.",Low,"IF a person expresses enjoyment of social gatherings and reminiscing with friends, THEN extraversion is likely High because it shows a desire to connect with others."," IF a person shows enthusiasm for celebrations and enjoyable experiences involving others, THEN extraversion is likely High as it reflects sociability and a love for interaction.",,,,"It was great to catch up with everyone again after so long.; Here to cake, fizz and a fun-filled day of surprises.",High,High,{'Uncategorized': 2},0,0,1,Low,High,0,High,0
19,"So exciting to catch up with everyone! Being in our thirties means meeting up takes at least ten conversations about the event, at least one cancellation, minimum two babies and a stray husband. Glad this one made it out of the group chat. To next time; hopefully it doesn't take eight months ;)","Turning 30 has never looked better. Spending our twenties together was incredible; the highs, the lows, but most importantly being with you. So excited to spend the rest of my life with you. Happy birthday to the love of my life. You have changed my life in the most incredible way and you are so special to me. Cheers to my favourite person. I love you.",Moderate,"IF a person expresses excitement about social gatherings and emphasizes the importance of staying connected with friends, THEN extraversion is likely High because this reflects an eagerness to engage socially."," IF a person shows appreciation for significant relationships and expresses joy in sharing experiences with loved ones, THEN extraversion is likely High because this indicates a strong social orientation."," IF a person shares enthusiasm for future social interactions or events, THEN extraversion is likely High because it demonstrates a desire for social connections.",,,So exciting to catch up with everyone!; Cheers to my favourite person. I love you.; To next time; hopefully it doesn't take eight months ;),High,High,{'Uncategorized': 3},0,0,1,Moderate,Moderate,1,High,0
21,"Good times with old friends! Great catch up and a nostalgic trip down memory lane with childhood pals. Food, drinks, music, games and great chat! Venue was great too with great service, would highly recommend. Thanks to all for coming. Should make this a regular thing, so heres to the next one!","A very happy birthday to my incredible wife! you are the most loving, strong and inspirational person that i know, and i am privileged to have you in my life. Congratulations on all that you have achieved and your recent success, long may it continue. thanks for many memories and look forward to creating many more with you.",Low,"IF a person expresses enjoyment of social interactions and positive experiences with friends, THEN extraversion is likely High because it indicates a preference for social engagement."," IF a person talks about planning future social events or gatherings, THEN extraversion is likely High because it shows an eagerness to maintain social connections."," IF a person expresses gratitude and appreciation for loved ones and shared memories, THEN extraversion is likely High as it shows a strong social bond and connection.",,,"Good times with old friends! Great catch up and a nostalgic trip down memory lane with childhood pals.; Should make this a regular thing, so heres to the next one!; thanks for many memories and look forward to creating many more with you.",High,High,{'Uncategorized': 3},0,0,1,Low,High,0,High,0
26,"Loved loved loved seeing these guys today…the original OG's from way back when I still had a fringe, wore double denim and was reading Shout magazine. Wah life goes by so fast.
I'm so lucky to have these guys still in my life today, we need to make these meet ups a more regular thing!","Happy Birthday to our one and only, our jam in the sandwich… have the best day. Me and the boys will be on our best behaviour today so get some rest and do something you enjoy. We love you along with everyone else who knows you. Wishing you the best of health wealth and happiness.",High,"IF a person expresses excitement about social gatherings and values their friendships, THEN extraversion is likely High because this indicates an eagerness to connect with others."," IF a person shows care for their friends and celebrates occasions like birthdays with enthusiasm, THEN extraversion is likely High because it reflects a positive social orientation.",,,,"I’m so lucky to have these guys still in my life today, we need to make these meet ups a more regular thing!; Happy Birthday to our one and only, our jam in the sandwich… we love you along with everyone else who knows you.",High,High,{'Uncategorized': 2},1,1,1,High,High,1,High,1
27,"After all these years it's very interesting seeing how everyone I grew up with has changed, it's almost as if I was talking to two different versions of people from parallel universes, one a complete immature and incompetent buffon, the other a sophisticated and well mannered individual. It's crazy how time flies!","From cheerleader to married, I'm so appreciative of all the things you have done for me, and our family. Helping us financially or help cope with illness, I knew I made the right decision engaging with a nurse.I'm so glad that you came into my life and that we'll one day exit together. Happy 26th birthday my love!",Low,"IF a person reflects on their past relationships without actively engaging or expressing a desire for social interaction, THEN extraversion is likely Low because this suggests introspection rather than sociability."," IF a person expresses appreciation for personal relationships in a reflective manner rather than initiating social engagement, THEN extraversion is likely Low because this implies valuing connections without active social interaction.",,,,"After all these years it's very interesting seeing how everyone I grew up with has changed...; I'm so appreciative of all the things you have done for me, and our family.",Moderate,Low,{'Uncategorized': 2},1,1,1,Low,Moderate,0,Moderate,0
30,"What a weekend we have just had catching up with my childhood friends. The sun made a special appearance for us and it felt like the gods were looking out for us!

We ate, drank, laughed and shopped our hearts out.

Thank you for this special time together and can't wait to do this again ????????","Happy birthday to you, my wonderful husband. Can't wait to shower you with your gifts and take you out and celebrate you. We will go to your favourite restaurant ??

Congratulations ?? on this your special birthday ?? ?? let's have lots of funnnnn!!

Love you very much, see you later my darling xxxxx",Low,"IF a person expresses joy and excitement about spending time with friends and engaging in social activities, THEN extraversion is likely High because this shows an enjoyment of social interaction."," IF a person shows enthusiasm for celebrating others and engaging in fun activities, THEN extraversion is likely High because this reflects a desire for social connection and enjoyment."," IF a person expresses anticipation for future social events and gatherings, THEN extraversion is likely High because this reflects an eagerness for social interactions."," IF a person uses enthusiastic language and emoji to express feelings, THEN extraversion is likely High as it indicates excitement and emotional engagement.",,"What a weekend we have just had catching up with my childhood friends.; Can’t wait to shower you with your gifts and take you out and celebrate you.; Thank you for this special time together and can’t wait to do this again.; let’s have lots of funnnnn!! Love you very much, see you later my darling xxxxx",High,High,{'Uncategorized': 4},0,0,1,Low,High,0,High,0
31,Long awaited catch up with life long friends!  Why has it taken so long? It was so good to catch up with everybody.  It has been so great seeing how we have all changed and grown both physically and spiritually.  Let me know who is up for making this an annual event? Please let me know.  I am happy to organise it.  Feeling blessed.  Cheers everyone!,"Happy birthday to the best and most wonderful husband I could ever ask for xx  Thank you for everything you do. Thank you for being an awesome dad to our two children. Enjoy your day and look forward the birthday celebrations tonight.  Enjoy your gifts. 
 You  so deserve them.  Love as always.",High,"IF a person expresses enthusiasm about organizing social events and reconnecting with friends, THEN extraversion is likely High because this reflects a strong desire for social interaction and connection."," IF a person expresses love and appreciation for someone publicly, especially in a celebratory context, THEN extraversion is likely High because this indicates a comfort with sharing emotions and engaging with others."," IF a person looks forward to social gatherings or celebrations, THEN extraversion is likely High because it shows eagerness to participate in social events.",,,Long awaited catch up with life long friends! ... Let me know who is up for making this an annual event? Please let me know. I am happy to organise it.; Happy birthday to the best and most wonderful husband I could ever ask for xx Thank you for everything you do.; Enjoy your day and look forward to the birthday celebrations tonight.,High,High,{'Uncategorized': 3},1,1,1,High,Moderate,0,High,1
32,"A great thank you to my best childhood friends for organising this heart-warming event.
Emily, Sandra and Beckie - you are the best! 
Lots of stories and pictures were shared and we all thoroughly enjoyed a crazy ride down memory lane. It was great to see you all and see how you all got on in your lives girls!
Can't wait to do this again next year!","A very Happy birthday to my bestie!!! Roy, I want you to know that you are the best thing that ever happened to me. I am so glad we met and I love you unconditionally. I hope you have the best day celebrating your 40th birthday and I'm so here for it. 
You have touched the lives of so many people including mine and we are forever grateful for your optimistic, caring, and kind personality, hope you'll never change!
",Moderate,"IF a person expresses gratitude and joy towards friends, THEN extraversion is likely High because this reflects a strong appreciation for social relationships."," IF a person shows enthusiasm for future gatherings and reminiscing about shared experiences, THEN extraversion is likely High because this indicates enjoyment of social interaction."," IF a person expresses strong affection and appreciation for a close friend, THEN extraversion is likely High as it highlights the importance of social connections."," IF a person acknowledges the positive impact of their friend's personality on others, THEN extraversion is likely High as this shows an awareness and appreciation for social impact.",,"A great thank you to my best childhood friends for organising this heart-warming event.; It was great to see you all and see how you all got on in your lives girls! Can't wait to do this again next year!; Roy, I want you to know that you are the best thing that ever happened to me. I love you unconditionally.; You have touched the lives of so many people including mine and we are forever grateful for your optimistic, caring, and kind personality.",High,High,{'Uncategorized': 4},0,0,1,Moderate,High,0,High,0
33,Back with the besties! Hanging with my buds from grade school… can't believe how long it's been. After all this time they all still get it. Anyone who want to get a drink come on by. High school may have been fifteen years ago but it still feels like we graduated just yesterday. ,Happy birthday to my best friend and partner in crime. It's crazy all we've been through in the past fifteen years. Through all the ups and downs you have always been there for me. I couldn't ask for a better person to share my life with. Happy birthday and here's to the next decade together. ,Low,"IF a person expresses enjoyment in spending time with friends and reminiscing about shared experiences, THEN extraversion is likely High because this reflects a strong social connection and appreciation for relationships."," IF a person expresses affection and appreciation for a close friend on social media, THEN extraversion is likely High because this indicates strong social bonds and a desire to celebrate relationships.",,,,Back with the besties! Hanging with my buds from grade school… can’t believe how long it’s been.; Happy birthday to my best friend and partner in crime. It’s crazy all we’ve been through in the past fifteen years.,High,High,{'Uncategorized': 2},0,0,1,Low,High,0,High,0
37,"After some years, I was finally able to spend some time with my old pal X from back home. It feels unreal to spend time with them after so many years spent apart and after so many things happened, whether it was moving abroad, new jobs or big family events. X you mean a lot and I cherish our friendship ","I still can't express how lucky I am to have you in my life, ever since I met you, you have been a integral part of my life and I can't express how much you mean to me and how much I love you. Happy birthday, I really mean that, wish you a happy birthday and may the years be kind to us",Moderate,"IF a person expresses strong feelings of appreciation for friends and emphasizes the value of relationships, THEN extraversion is likely High because this reflects a sociable and warm nature."," IF a person publicly celebrates close relationships and expresses deep emotional connections, THEN extraversion is likely High because this showcases their enjoyment of social bonds.",,,,"It feels unreal to spend time with them after so many years spent apart... I cherish our friendship.; I still can't express how lucky I am to have you in my life... Happy birthday, I really mean that.",High,High,{'Uncategorized': 2},0,0,1,Moderate,Moderate,1,High,0
39,"Had an amazing night catching up with my childhood friends! It's been way too long since we all got together. We reminisced about our wild adventures and laughed until our sides hurt. It's crazy how some things never change, like our inside jokes and silly stories. Grateful for these friendships that stand the test of time! Can't wait for the next reunion!","
Happy birthday to the love of my life! You bring so much joy and laughter into my world, and I'm endlessly grateful for every moment we share. Your kindness, strength, and passion inspire me every day. Here's to celebrating you today and all the amazing adventures ahead! Can't wait to spoil you and make this day unforgettable. Love you to the moon and back!",Moderate,"IF a person expresses joy and gratitude for spending time with friends and values those relationships, THEN extraversion is likely High because it indicates a strong desire for social interactions."," IF a person expresses excitement about future social gatherings, THEN extraversion is likely High because this reflects an eagerness to maintain social connections."," IF a person shares heartfelt sentiments about a close person's birthday and emphasizes joy in the relationship, THEN extraversion is likely High because this reflects a propensity for emotional connections and celebration."," IF a person expresses eagerness to create memorable experiences with loved ones, THEN extraversion is likely High because this indicates a desire for shared activities and strong social bonds.",,Had an amazing night catching up with my childhood friends! It’s been way too long since we all got together.; Can’t wait for the next reunion!; Happy birthday to the love of my life! You bring so much joy and laughter into my world.; Can’t wait to spoil you and make this day unforgettable.,High,High,{'Uncategorized': 4},0,0,1,Moderate,High,0,High,0
40,had fun today! got to see my friends that i've grown up with. im grateful to go through life with them and to see them grow as people. every accomplishment i will be there for becauase i know they will be there for me. i am truly grateful to have such a strong group of people around me and to uplift me.,"happy birthday my love. i am so proud of you. you are my best friend, my ace, my rock. i love you more than every. you keep me on my feet and you never let my crown tip. even trhrough all the trials and tribulations. i am lucky to have someone like you in my corner. you never fail to make me happt",Moderate,"IF a person expresses gratitude for their friendships and highlights the importance of social support and connection, THEN extraversion is likely High because this indicates a strong appreciation for interpersonal relationships."," IF a person uses affectionate language to describe their relationships and emphasizes the bonds they share, THEN extraversion is likely High because this demonstrates a strong emotional connection and engagement with others.",,,,"i am truly grateful to have such a strong group of people around me and to uplift me.; i am so proud of you. you are my best friend, my ace, my rock.",High,High,{'Uncategorized': 2},0,0,1,Moderate,High,0,High,0
42,Back together again after 35 years! Childhood friends from Newton in Warwickshire reliving our fond memories of all the adventures and special times we shared together. At this moment it doesn't seem that 35 years have passed. Sadly a few people couldn't make it today and they are missed. Looking forward already to our next get together.,Today's your special birthday &lt;cough&gt; I hope that you enjoy all the things I have planned for you today. And the celebrations will continue long into the night with more birthday surprises. You deserve every single one of them! Thank you for all that you do and for being you! Let's go and celebrate! Lots of love always xxxxxx,High,"IF a person expresses excitement about reuniting with friends and plans for future gatherings, THEN extraversion is likely High because this indicates a strong desire for social connections."," IF a person talks enthusiastically about celebrating others and plans for festivities, THEN extraversion is likely High because this reflects a focus on social interactions and celebrations.",,,,Looking forward already to our next get together.; Let’s go and celebrate! Lots of love always xxxxxx,High,High,{'Uncategorized': 2},1,1,1,High,High,1,High,1
43,"Good to finally get back together with the crew haha, been a long time coming but definitely worth the wait. All those memories, all the good times and the best part about it, we get to recreate those memories and relive them every time we talk about them. Good to see everytime. Until the next time!","Happy birthday to the most gorgeous girl i've ever laid eyes on in my entire life. I always felt as though i was missing something in life, and now that i've found you i finally feel whole. I hope you have the best day and i hope you get everything you want out of life. Love you. I'll be raising a glass today, To more happiness and more memories!",Low,"IF a person expresses joy and enthusiasm about spending time with friends, THEN extraversion is likely High because this indicates a strong social orientation."," IF a person emphasizes the importance of relationships and creates sentimental memories with others, THEN extraversion is likely High because this reflects a desire for social connections."," IF a person celebrates others and expresses love and happiness about their relationships, THEN extraversion is likely High as this indicates a strong connection to people."," IF a person expresses enthusiasm for future gatherings or celebrations, THEN extraversion is likely High because this shows eagerness for social interactions.",,"Good to finally get back together with the crew haha, been a long time coming but definitely worth the wait.; All those memories, all the good times and the best part about it, we get to recreate those memories and relive them every time we talk about them.; Happy birthday to the most gorgeous girl i've ever laid eyes on in my entire life.; I'll be raising a glass today, To more happiness and more memories!",High,High,{'Uncategorized': 4},0,0,1,Low,High,0,High,0
53,"As I sit with my childhood friends, the years seem to melt away. The familiar banter, the inside jokes that we've carried like treasures through the years, and the way we all seem to pick up right where we left off—it's like time stands still. I catch myself laughing more freely, feeling that easy comfort I once did when the world seemed so simple. There's something about being with people who know you in your purest form, before the world shaped you in its various ways.

The conversation flows from old memories—those endless summer days, the mischief we got into, the places we'd hide out—and then shifts to where life has taken us. There's a warmth in seeing how far we've all come, and yet, we're still those same people at our core. It's a reminder of roots, of the strength and depth of bonds that time and distance can never fully sever. Even as we talk about new chapters and changes, I realize how much of my past is written in the pages of these friendships.

It feels like being wrapped in a blanket of shared history, and for a moment, I feel grounded again—anchored in who I was, who I am, and who I will always be to these people. The laughter, the ease, the nostalgia—it's all a kind of reminder that some things, like friendship, never truly change.","Another year with you feels like a gift I get to unwrap every single day. Watching you grow, laugh, and be the incredible person you are fills me with so much pride and gratitude. You are my heart, my best friend, and the person who makes everything brighter just by being you. ??

Thank you for the countless memories we've already made and the many more to come. Here's to celebrating you today (and always), to all your dreams coming true, and to the endless adventures ahead. I'm beyond lucky to walk through life with you by my side. ????

You deserve all the happiness in the world, today and always. I love you more than words could ever say. ?? #BirthdayQueen/King #LuckyToCallYouMine",Moderate,"IF a person expresses strong emotions and appreciation for friends or loved ones in a heartfelt manner, THEN extraversion is likely High because this reflects a deep appreciation for social connections."," IF a person frequently shares joyful experiences and celebrates relationships publicly, THEN extraversion is likely High since this indicates a comfort with social engagement and expression."," IF a person shares past experiences with friends that emphasize laughter and connection, THEN extraversion is likely High as this shows an enjoyment of social interactions."," IF a person reflects on the joy and comfort derived from friendships and shared history, THEN extraversion is likely High as it indicates a strong appreciation for social bonds.",,"Watching you grow, laugh, and be the incredible person you are fills me with so much pride and gratitude.; Thank you for the countless memories we’ve already made and the many more to come.; There’s a warmth in seeing how far we’ve all come, and yet, we’re still those same people at our core.; It feels like being wrapped in a blanket of shared history, and for a moment, I feel grounded again.",High,High,{'Uncategorized': 4},0,0,1,Moderate,High,0,High,0
