p,trait,true level,post 1,post 2,pred rules,experts-rules score,matched rules,matched behaviors,pred with few-shot,few-shot score,pred with zero-shot,zero-shot score
4,openness,High,"Wow! It's so great to see everyone after all this time! I am so excited to be here and catch up on all that we missed over time. It's great to see all these familiar faces smiling back at me! I really have missed you and seeing you here and now, I am reminded of some of the best times of my life!","Happy Birthday XXXX! Just wanted you to know I was thinking about you on your special day and wish you many more! I know that you will a wonderful journey ahead of you in days to come and I will be there to cheer you on the whole way. Enjoy your day, take some time to yourself and start back to work tomorrow. L,S",High,1,"IF a person shares in a post that they had an amazing time reconnecting with friends and look forward to future gatherings, THEN openness is likely High because this reflects a desire for new experiences and connections.",It's so great to see everyone after all this time! I am so excited to be here and catch up on all that we missed over time.,Moderate,0,High,1
4,openness,High,"Wow! It's so great to see everyone after all this time! I am so excited to be here and catch up on all that we missed over time. It's great to see all these familiar faces smiling back at me! I really have missed you and seeing you here and now, I am reminded of some of the best times of my life!","Happy Birthday XXXX! Just wanted you to know I was thinking about you on your special day and wish you many more! I know that you will a wonderful journey ahead of you in days to come and I will be there to cheer you on the whole way. Enjoy your day, take some time to yourself and start back to work tomorrow. L,S",High,1,"IF a person shares excitement about upcoming plans or events with friends, THEN openness is likely High because this indicates an eagerness to explore new experiences.",I know that you will have a wonderful journey ahead of you in days to come and I will be there to cheer you on the whole way.,Moderate,0,High,1
8,openness,Moderate,"time flies by, I cant believe its been so long since we all met,  had so much fun seeing you all again and catching up. I remember when we used to go out on our bikes for hours now we all have our own house's. its crazy. we should make this an annual thing every year. none of you have changed! ","Happpy Birthdayyyy. I hope your day is filled with all the things you love and your favorite people. This last year has been amazing and i cant wait to celebrate every birthday with you, even when we are old we'll still have each others company. Love you and cant wait to celebrate this day with you.",High,0,"IF a person shares in a post that they had an amazing time reconnecting with friends and look forward to future gatherings, THEN openness is likely High because this reflects a desire for new experiences and connections.",I had so much fun seeing you all again and catching up... we should make this an annual thing every year.,Moderate,1,Moderate,1
8,openness,Moderate,"time flies by, I cant believe its been so long since we all met,  had so much fun seeing you all again and catching up. I remember when we used to go out on our bikes for hours now we all have our own house's. its crazy. we should make this an annual thing every year. none of you have changed! ","Happpy Birthdayyyy. I hope your day is filled with all the things you love and your favorite people. This last year has been amazing and i cant wait to celebrate every birthday with you, even when we are old we'll still have each others company. Love you and cant wait to celebrate this day with you.",High,0,"IF a person shares excitement about upcoming plans or events with friends, THEN openness is likely High because this indicates an eagerness to explore new experiences.","I cant wait to celebrate every birthday with you, even when we are old we'll still have each others company.",Moderate,1,Moderate,1
10,openness,Moderate,"having a brill time at the reunion, saw lots of faces i've not seen in a longggggg time. we mustn't leave it so long next time. just waiting for the karaoke to begin so i can impress everyone with a bit of Enrique ! I hope everyone doesn't leave the room when I start singing otherwise i'll never dare pick up a microphone ever again.  Talking about old times at school was a blast....rekindled many good memories.","Happy Birthday to Khaleesy ! Hope you liked the flowers babe, I'll see you when I get home ....expect the princess treatment !!! love you  xxxxx

You always say that my messages on here are too short so i'm making an effort to write you a longgggggggggggggggggg one this time hahaha

happy birthday to you, happy birthday to you, happy birthday Khaleesy, Happy Birthday too youuuuuuuuuuuuuu....uuuuuuuu xxxxx",High,0,"IF a person shares in a post that they had an amazing time reconnecting with friends and look forward to future gatherings, THEN openness is likely High because this reflects a desire for new experiences and connections.","having a brill time at the reunion, saw lots of faces i've not seen in a longggggg time.",Moderate,1,High,0
10,openness,Moderate,"having a brill time at the reunion, saw lots of faces i've not seen in a longggggg time. we mustn't leave it so long next time. just waiting for the karaoke to begin so i can impress everyone with a bit of Enrique ! I hope everyone doesn't leave the room when I start singing otherwise i'll never dare pick up a microphone ever again.  Talking about old times at school was a blast....rekindled many good memories.","Happy Birthday to Khaleesy ! Hope you liked the flowers babe, I'll see you when I get home ....expect the princess treatment !!! love you  xxxxx

You always say that my messages on here are too short so i'm making an effort to write you a longgggggggggggggggggg one this time hahaha

happy birthday to you, happy birthday to you, happy birthday Khaleesy, Happy Birthday too youuuuuuuuuuuuuu....uuuuuuuu xxxxx",High,0,"IF a person describes a spontaneous decision to participate in activities with friends, THEN openness is likely High because this shows willingness to embrace new experiences.",just waiting for the karaoke to begin so i can impress everyone with a bit of Enrique !,Moderate,1,High,0
10,openness,Moderate,"having a brill time at the reunion, saw lots of faces i've not seen in a longggggg time. we mustn't leave it so long next time. just waiting for the karaoke to begin so i can impress everyone with a bit of Enrique ! I hope everyone doesn't leave the room when I start singing otherwise i'll never dare pick up a microphone ever again.  Talking about old times at school was a blast....rekindled many good memories.","Happy Birthday to Khaleesy ! Hope you liked the flowers babe, I'll see you when I get home ....expect the princess treatment !!! love you  xxxxx

You always say that my messages on here are too short so i'm making an effort to write you a longgggggggggggggggggg one this time hahaha

happy birthday to you, happy birthday to you, happy birthday Khaleesy, Happy Birthday too youuuuuuuuuuuuuu....uuuuuuuu xxxxx",High,0,"IF a person details enjoyable gatherings with friends and expresses gratitude for shared experiences, THEN openness is likely High because this indicates an appreciation for social interactions and new connections.",Talking about old times at school was a blast....rekindled many good memories.,Moderate,1,High,0
12,openness,Low,"Had a great catch up with my old school pals. 
Dinner was lovely and lots of laughs and drinks as usual! Always great to see them and amazing that we are all still friends after over 30 years.
Can't wait until the next one in December . Hope everyone can make it as it's going to be a special trip!","Wishing you the happiest of birthdays. You deserve to have the best day!
Thanks for being the most amazing and supportive partner.
We all appreciate everything you do for us .
We hope you love your surprise party .. you won't read this until after , so it's safe to write this :-) Lots of love ...",High,0,"IF a person shares in a post that they had an amazing time reconnecting with friends and look forward to future gatherings, THEN openness is likely High because this reflects a desire for new experiences and connections.",Had a great catch up with my old school pals ... Can't wait until the next one in December.,Moderate,0,High,0
12,openness,Low,"Had a great catch up with my old school pals. 
Dinner was lovely and lots of laughs and drinks as usual! Always great to see them and amazing that we are all still friends after over 30 years.
Can't wait until the next one in December . Hope everyone can make it as it's going to be a special trip!","Wishing you the happiest of birthdays. You deserve to have the best day!
Thanks for being the most amazing and supportive partner.
We all appreciate everything you do for us .
We hope you love your surprise party .. you won't read this until after , so it's safe to write this :-) Lots of love ...",High,0,"IF a person shares excitement about upcoming plans or events with friends, THEN openness is likely High because this indicates an eagerness to explore new experiences.",Can't wait until the next one in December.,Moderate,0,High,0
12,openness,Low,"Had a great catch up with my old school pals. 
Dinner was lovely and lots of laughs and drinks as usual! Always great to see them and amazing that we are all still friends after over 30 years.
Can't wait until the next one in December . Hope everyone can make it as it's going to be a special trip!","Wishing you the happiest of birthdays. You deserve to have the best day!
Thanks for being the most amazing and supportive partner.
We all appreciate everything you do for us .
We hope you love your surprise party .. you won't read this until after , so it's safe to write this :-) Lots of love ...",High,0,"IF a person details enjoyable gatherings with friends and expresses gratitude for shared experiences, THEN openness is likely High because this indicates an appreciation for social interactions and new connections.",Dinner was lovely and lots of laughs and drinks as usual!,Moderate,0,High,0
14,openness,High,"Times Like This??Life can be complicated, but my people make it all worth it. My loved ones are what keep me going. Whether we go for drinks, go out to eat, or are just kicked back smoking and talking. I don't know where I would be without them. I'm so blessed to be able to call you guys my family. All glory to God.",HAPPY BIRTHDAY BABYGIRL????I am so proud of you for making it another year. Even when times are tough you always keep that spark. I love you so much. You really show me what real love is. I don't know where I'd be without you. Another year and forever to go for us baby. I love you so much and I'm so blessed to have you.,Low,0,"IF a person emphasizes feelings regarding long-standing relationships over engaging with new people, THEN openness is likely Low because this suggests a preference for established connections rather than seeking new experiences.",I don't know where I would be without them. I'm so blessed to be able to call you guys my family.,Moderate,0,Moderate,0
14,openness,High,"Times Like This??Life can be complicated, but my people make it all worth it. My loved ones are what keep me going. Whether we go for drinks, go out to eat, or are just kicked back smoking and talking. I don't know where I would be without them. I'm so blessed to be able to call you guys my family. All glory to God.",HAPPY BIRTHDAY BABYGIRL????I am so proud of you for making it another year. Even when times are tough you always keep that spark. I love you so much. You really show me what real love is. I don't know where I'd be without you. Another year and forever to go for us baby. I love you so much and I'm so blessed to have you.,Low,0,"IF a person views interactions through a lens of gratitude for memories without expressing anticipation for future experiences, THEN openness is likely Low because this reflects a focus on the past rather than an openness to new experiences.",I am so proud of you for making it another year... I love you so much and I'm so blessed to have you.,Moderate,0,Moderate,0
15,openness,High,"Just got back from a reunion with some friends from back home! These guys always had my back, except when it comes to telling me I'm any good at bowling or mini golf :0 Then again, the drinks probably messed my aim up a litttle bit. Hope to see you guys soon!! Keep it real @xComedyCheesex @Crazygamer05 @7evenup","To this beautiful girl who was a stranger up until 10 months ago, happy birthday my love, I hope that we can spend many more together! P.S. Don't tell anyone I forgot the cake and had to ask you to bake us another one to save myself from the embarassment. Love you lots! Have the best birthday ever &lt;3",High,1,"IF a person shares in a post that they had an amazing time reconnecting with friends and look forward to future gatherings, THEN openness is likely High because this reflects a desire for new experiences and connections.",Just got back from a reunion with some friends from back home! ... Hope to see you guys soon!!,Moderate,0,High,1
15,openness,High,"Just got back from a reunion with some friends from back home! These guys always had my back, except when it comes to telling me I'm any good at bowling or mini golf :0 Then again, the drinks probably messed my aim up a litttle bit. Hope to see you guys soon!! Keep it real @xComedyCheesex @Crazygamer05 @7evenup","To this beautiful girl who was a stranger up until 10 months ago, happy birthday my love, I hope that we can spend many more together! P.S. Don't tell anyone I forgot the cake and had to ask you to bake us another one to save myself from the embarassment. Love you lots! Have the best birthday ever &lt;3",High,1,"IF a person shares excitement about upcoming plans or events with friends, THEN openness is likely High because this indicates an eagerness to explore new experiences.",Hope to see you guys soon!!,Moderate,0,High,1
15,openness,High,"Just got back from a reunion with some friends from back home! These guys always had my back, except when it comes to telling me I'm any good at bowling or mini golf :0 Then again, the drinks probably messed my aim up a litttle bit. Hope to see you guys soon!! Keep it real @xComedyCheesex @Crazygamer05 @7evenup","To this beautiful girl who was a stranger up until 10 months ago, happy birthday my love, I hope that we can spend many more together! P.S. Don't tell anyone I forgot the cake and had to ask you to bake us another one to save myself from the embarassment. Love you lots! Have the best birthday ever &lt;3",High,1,"IF a person details enjoyable gatherings with friends and expresses gratitude for shared experiences, THEN openness is likely High because this indicates an appreciation for social interactions and new connections.",These guys always had my back... Hope to see you guys soon!!,Moderate,0,High,1
15,openness,High,"Just got back from a reunion with some friends from back home! These guys always had my back, except when it comes to telling me I'm any good at bowling or mini golf :0 Then again, the drinks probably messed my aim up a litttle bit. Hope to see you guys soon!! Keep it real @xComedyCheesex @Crazygamer05 @7evenup","To this beautiful girl who was a stranger up until 10 months ago, happy birthday my love, I hope that we can spend many more together! P.S. Don't tell anyone I forgot the cake and had to ask you to bake us another one to save myself from the embarassment. Love you lots! Have the best birthday ever &lt;3",High,1,"IF a person expresses feelings of nostalgia about past friendships but fails to mention new experiences or plans, THEN openness is likely Low because this indicates a preference for familiarity over new interactions.","These guys always had my back, except when it comes to telling me I'm any good at bowling or mini golf.",Moderate,0,High,1
16,openness,Moderate,"went to a great birthday party today at the drummond park animal experience
centre with ash, jen, jodie jake, alex and all the rest of the crew.  loved watching the
monkeys antics.  the lion cubs were so cute.  alex ate too much cake and looked alittle
green jake punched him in the stomach to sicee if he could make him sick ..","wow!  another landmark birthday.  we are all so looking forward to your birthday
bash at Fisher's restaurant.  can't believe you've come this far despite all the
hoops you've had to jump through in the past few years,  what an achievement
well done you.  I know you said no presents but well suspect there may still be one or two surprises",High,0,"IF a person shares in a post that they had an amazing time reconnecting with friends and look forward to future gatherings, THEN openness is likely High because this reflects a desire for new experiences and connections.","went to a great birthday party today at the drummond park animal experience centre with ash, jen, jodie jake, alex and all the rest of the crew.",Moderate,1,Moderate,1
16,openness,Moderate,"went to a great birthday party today at the drummond park animal experience
centre with ash, jen, jodie jake, alex and all the rest of the crew.  loved watching the
monkeys antics.  the lion cubs were so cute.  alex ate too much cake and looked alittle
green jake punched him in the stomach to sicee if he could make him sick ..","wow!  another landmark birthday.  we are all so looking forward to your birthday
bash at Fisher's restaurant.  can't believe you've come this far despite all the
hoops you've had to jump through in the past few years,  what an achievement
well done you.  I know you said no presents but well suspect there may still be one or two surprises",High,0,"IF a person shares excitement about upcoming plans or events with friends, THEN openness is likely High because this indicates an eagerness to explore new experiences.",we are all so looking forward to your birthday bash at Fisher's restaurant.,Moderate,1,Moderate,1
16,openness,Moderate,"went to a great birthday party today at the drummond park animal experience
centre with ash, jen, jodie jake, alex and all the rest of the crew.  loved watching the
monkeys antics.  the lion cubs were so cute.  alex ate too much cake and looked alittle
green jake punched him in the stomach to sicee if he could make him sick ..","wow!  another landmark birthday.  we are all so looking forward to your birthday
bash at Fisher's restaurant.  can't believe you've come this far despite all the
hoops you've had to jump through in the past few years,  what an achievement
well done you.  I know you said no presents but well suspect there may still be one or two surprises",High,0,"IF a person describes enjoying lively and vibrant social events with diverse activities, THEN openness is likely High because this shows a propensity for embracing new experiences.",loved watching the monkeys antics. the lion cubs were so cute.,Moderate,1,Moderate,1
17,openness,High,"Finally! The stars aligned and we were able to go out together! What a wild time we've had, you would think that we were in 2004 living our best life at XXX university! The venue was just perfect, and by the look of the videos, despite turning 40 we can still bust a move like when we were 20! ","My darling partner, wishing you the best birthday ever (yet!). Just like fine wine you've aged amazingly well, the salt and pepper look really becomes you! I hope you will enjoy the celebrations we planned for you today, fear not we'll keep it low key and definitely not party like we did for your thirtieth!",High,1,"IF a person shares in a post that they had an amazing time reconnecting with friends and look forward to future gatherings, THEN openness is likely High because this reflects a desire for new experiences and connections.","What a wild time we've had, you would think that we were in 2004 living our best life",Moderate,0,High,1
17,openness,High,"Finally! The stars aligned and we were able to go out together! What a wild time we've had, you would think that we were in 2004 living our best life at XXX university! The venue was just perfect, and by the look of the videos, despite turning 40 we can still bust a move like when we were 20! ","My darling partner, wishing you the best birthday ever (yet!). Just like fine wine you've aged amazingly well, the salt and pepper look really becomes you! I hope you will enjoy the celebrations we planned for you today, fear not we'll keep it low key and definitely not party like we did for your thirtieth!",High,1,"IF a person describes a spontaneous decision to participate in activities with friends, THEN openness is likely High because this shows willingness to embrace new experiences.",Finally! The stars aligned and we were able to go out together!,Moderate,0,High,1
17,openness,High,"Finally! The stars aligned and we were able to go out together! What a wild time we've had, you would think that we were in 2004 living our best life at XXX university! The venue was just perfect, and by the look of the videos, despite turning 40 we can still bust a move like when we were 20! ","My darling partner, wishing you the best birthday ever (yet!). Just like fine wine you've aged amazingly well, the salt and pepper look really becomes you! I hope you will enjoy the celebrations we planned for you today, fear not we'll keep it low key and definitely not party like we did for your thirtieth!",High,1,"IF a person shares excitement about upcoming plans or events with friends, THEN openness is likely High because this indicates an eagerness to explore new experiences.",I hope you will enjoy the celebrations we planned for you today,Moderate,0,High,1
17,openness,High,"Finally! The stars aligned and we were able to go out together! What a wild time we've had, you would think that we were in 2004 living our best life at XXX university! The venue was just perfect, and by the look of the videos, despite turning 40 we can still bust a move like when we were 20! ","My darling partner, wishing you the best birthday ever (yet!). Just like fine wine you've aged amazingly well, the salt and pepper look really becomes you! I hope you will enjoy the celebrations we planned for you today, fear not we'll keep it low key and definitely not party like we did for your thirtieth!",High,1,"IF a person describes enjoying lively and vibrant social events with diverse activities, THEN openness is likely High because this shows a propensity for embracing new experiences.",the venue was just perfect,Moderate,0,High,1
21,openness,Low,"Good times with old friends! Great catch up and a nostalgic trip down memory lane with childhood pals. Food, drinks, music, games and great chat! Venue was great too with great service, would highly recommend. Thanks to all for coming. Should make this a regular thing, so heres to the next one!","A very happy birthday to my incredible wife! you are the most loving, strong and inspirational person that i know, and i am privileged to have you in my life. Congratulations on all that you have achieved and your recent success, long may it continue. thanks for many memories and look forward to creating many more with you.",High,0,"IF a person shares in a post that they had an amazing time reconnecting with friends and look forward to future gatherings, THEN openness is likely High because this reflects a desire for new experiences and connections.",Good times with old friends! Great catch up and...heres to the next one!,High,0,High,0
21,openness,Low,"Good times with old friends! Great catch up and a nostalgic trip down memory lane with childhood pals. Food, drinks, music, games and great chat! Venue was great too with great service, would highly recommend. Thanks to all for coming. Should make this a regular thing, so heres to the next one!","A very happy birthday to my incredible wife! you are the most loving, strong and inspirational person that i know, and i am privileged to have you in my life. Congratulations on all that you have achieved and your recent success, long may it continue. thanks for many memories and look forward to creating many more with you.",High,0,"IF a person shares excitement about upcoming plans or events with friends, THEN openness is likely High because this indicates an eagerness to explore new experiences.","Should make this a regular thing, so heres to the next one!",High,0,High,0
21,openness,Low,"Good times with old friends! Great catch up and a nostalgic trip down memory lane with childhood pals. Food, drinks, music, games and great chat! Venue was great too with great service, would highly recommend. Thanks to all for coming. Should make this a regular thing, so heres to the next one!","A very happy birthday to my incredible wife! you are the most loving, strong and inspirational person that i know, and i am privileged to have you in my life. Congratulations on all that you have achieved and your recent success, long may it continue. thanks for many memories and look forward to creating many more with you.",High,0,"IF a person expresses feelings regarding long-standing relationships over engaging with new people, THEN openness is likely Low because this suggests a preference for established connections rather than seeking new experiences.",thanks for many memories and look forward to creating many more with you.,High,0,High,0
23,openness,Moderate,An unforgettable day with childhood friends! A magical day reminicising together and catching up after so long. Doesn’t matter how long it’s been we all slot back together like no time has passed at all. Watching our kids play together and seeing the cycles of life begin all over again is so emotional. Love you all xx #westhillgang #pyegreenmassive #childhood #friends,"Happy Birthday to my best friend, the best husband and dad in the world! I’ve celebrated 13 of your birthdays with you and every day in between and for all the chats and hugs, the love, the tough times, it is never ever enough. I look forward to seeing you every morning, I can’t wait to see you after work every day. The love of my life, I am so in love with you. Happy Birthday, my love xxx",Low,0,"IF a person expresses feelings of nostalgia about past friendships but fails to mention new experiences or plans, THEN openness is likely Low because this indicates a preference for familiarity over new interactions.",An unforgettable day with childhood friends... reminicising together and catching up after so long.,High,0,High,0
23,openness,Moderate,An unforgettable day with childhood friends! A magical day reminicising together and catching up after so long. Doesn’t matter how long it’s been we all slot back together like no time has passed at all. Watching our kids play together and seeing the cycles of life begin all over again is so emotional. Love you all xx #westhillgang #pyegreenmassive #childhood #friends,"Happy Birthday to my best friend, the best husband and dad in the world! I’ve celebrated 13 of your birthdays with you and every day in between and for all the chats and hugs, the love, the tough times, it is never ever enough. I look forward to seeing you every morning, I can’t wait to see you after work every day. The love of my life, I am so in love with you. Happy Birthday, my love xxx",Low,0,"IF a person emphasizes feelings regarding long-standing relationships over engaging with new people, THEN openness is likely Low because this suggests a preference for established connections rather than seeking new experiences.",I’ve celebrated 13 of your birthdays with you and every day in between... I can’t wait to see you after work every day.,High,0,High,0
28,openness,Low,My oldest and dearest friends gathered at the weekend to celebrate 30 years since leaving school. Much laughing and getting over how much we had all aged. Looking back at our old school photos was hilarious. Some of us didn't even recognise ourselves. We had such a good time that we decided to make this an annual event ,The most important person in my life achieves a milestone birthday today. Congratulations on your 50th and may we share many more happy years together. Unfortunately it's all downhill from here. Buckle up for the coming mid life crisis and keep smiling. These can be the best years of life with the right attitude. Get writing that bucket list and let's see the world ticking them off.,High,0,"IF a person shares in a post that they had an amazing time reconnecting with friends and look forward to future gatherings, THEN openness is likely High because this reflects a desire for new experiences and connections.",We had such a good time that we decided to make this an annual event.,Moderate,0,High,0
28,openness,Low,My oldest and dearest friends gathered at the weekend to celebrate 30 years since leaving school. Much laughing and getting over how much we had all aged. Looking back at our old school photos was hilarious. Some of us didn't even recognise ourselves. We had such a good time that we decided to make this an annual event ,The most important person in my life achieves a milestone birthday today. Congratulations on your 50th and may we share many more happy years together. Unfortunately it's all downhill from here. Buckle up for the coming mid life crisis and keep smiling. These can be the best years of life with the right attitude. Get writing that bucket list and let's see the world ticking them off.,High,0,"IF a person talks mostly about known routines and does not express interests in new activities, THEN openness is likely Low because this suggests a comfort with the status quo over exploring new avenues.",get writing that bucket list and let's see the world ticking them off.,Moderate,0,High,0
34,openness,Low,"just been to a reunion with my childhood friends and it was a great night and i would like to thank them all for great night.
 it brought back some good memorys and good times. at least this time we got drunk legally and didn't have to run off when we got caught.
i think we  should all do it again in the very near future. ","i would like to wish my better half a very happy birthday and i hope you have a very good day. you are the best thing that ever happened to me and i would be lost with out you.
 i've got a few special things planned for us to do for your birthday and i hope you will enjoy yourself.
",High,0,"IF a person shares in a post that they had an amazing time reconnecting with friends and look forward to future gatherings, THEN openness is likely High because this reflects a desire for new experiences and connections.",i think we should all do it again in the very near future.,Moderate,0,Moderate,0
34,openness,Low,"just been to a reunion with my childhood friends and it was a great night and i would like to thank them all for great night.
 it brought back some good memorys and good times. at least this time we got drunk legally and didn't have to run off when we got caught.
i think we  should all do it again in the very near future. ","i would like to wish my better half a very happy birthday and i hope you have a very good day. you are the best thing that ever happened to me and i would be lost with out you.
 i've got a few special things planned for us to do for your birthday and i hope you will enjoy yourself.
",High,0,"IF a person shares excitement about upcoming plans or events with friends, THEN openness is likely High because this indicates an eagerness to explore new experiences.",i've got a few special things planned for us to do for your birthday and i hope you will enjoy yourself.,Moderate,0,Moderate,0
38,openness,High,"chlilling with my longest know friends. I can't believe we've known each other for as long as we have. I treasure this and I hope I can continue my life with you guys until the very end. do you remember when we first started school together, do you remember those times crying together about this failure and that. do you remember the times that we got to celebrate this achievement and that quality? ","Happy birhday my love. Here's to many more to come. You've grown so much this year and I'm so glad that we're celebrating our tenth year together. Hope you love your gifts and surprises. And thank you to everyone who wishes us the best. happy birthday to you, happy birthday to your mother and farther who birthed such a wonderful being",Low,0,"IF a person expresses feelings of nostalgia about past friendships but fails to mention new experiences or plans, THEN openness is likely Low because this indicates a preference for familiarity over new interactions.",I can't believe we've known each other for as long as we have. I treasure this and I hope I can continue my life with you guys until the very end.,Moderate,0,Moderate,0
38,openness,High,"chlilling with my longest know friends. I can't believe we've known each other for as long as we have. I treasure this and I hope I can continue my life with you guys until the very end. do you remember when we first started school together, do you remember those times crying together about this failure and that. do you remember the times that we got to celebrate this achievement and that quality? ","Happy birhday my love. Here's to many more to come. You've grown so much this year and I'm so glad that we're celebrating our tenth year together. Hope you love your gifts and surprises. And thank you to everyone who wishes us the best. happy birthday to you, happy birthday to your mother and farther who birthed such a wonderful being",Low,0,"IF a person reflects primarily on past memories without mentions of experiences or plans for the future, THEN openness is likely Low because this suggests a focus on traditional routines rather than new opportunities.","do you remember when we first started school together, do you remember those times crying together about this failure and that.",Moderate,0,Moderate,0
38,openness,High,"chlilling with my longest know friends. I can't believe we've known each other for as long as we have. I treasure this and I hope I can continue my life with you guys until the very end. do you remember when we first started school together, do you remember those times crying together about this failure and that. do you remember the times that we got to celebrate this achievement and that quality? ","Happy birhday my love. Here's to many more to come. You've grown so much this year and I'm so glad that we're celebrating our tenth year together. Hope you love your gifts and surprises. And thank you to everyone who wishes us the best. happy birthday to you, happy birthday to your mother and farther who birthed such a wonderful being",Low,0,"IF a person emphasizes feelings regarding long-standing relationships over engaging with new people, THEN openness is likely Low because this suggests a preference for established connections rather than seeking new experiences.",I'm so glad that we're celebrating our tenth year together.,Moderate,0,Moderate,0
39,openness,Moderate,"Had an amazing night catching up with my childhood friends! It’s been way too long since we all got together. We reminisced about our wild adventures and laughed until our sides hurt. It’s crazy how some things never change, like our inside jokes and silly stories. Grateful for these friendships that stand the test of time! Can’t wait for the next reunion!","
Happy birthday to the love of my life! You bring so much joy and laughter into my world, and I’m endlessly grateful for every moment we share. Your kindness, strength, and passion inspire me every day. Here’s to celebrating you today and all the amazing adventures ahead! Can’t wait to spoil you and make this day unforgettable. Love you to the moon and back!",High,0,"IF a person shares in a post that they had an amazing time reconnecting with friends and look forward to future gatherings, THEN openness is likely High because this reflects a desire for new experiences and connections.",Had an amazing night catching up with my childhood friends! ... Can’t wait for the next reunion!,High,0,High,0
39,openness,Moderate,"Had an amazing night catching up with my childhood friends! It’s been way too long since we all got together. We reminisced about our wild adventures and laughed until our sides hurt. It’s crazy how some things never change, like our inside jokes and silly stories. Grateful for these friendships that stand the test of time! Can’t wait for the next reunion!","
Happy birthday to the love of my life! You bring so much joy and laughter into my world, and I’m endlessly grateful for every moment we share. Your kindness, strength, and passion inspire me every day. Here’s to celebrating you today and all the amazing adventures ahead! Can’t wait to spoil you and make this day unforgettable. Love you to the moon and back!",High,0,"IF a person shares excitement about upcoming plans or events with friends, THEN openness is likely High because this indicates an eagerness to explore new experiences.",Can’t wait for the next reunion!,High,0,High,0
39,openness,Moderate,"Had an amazing night catching up with my childhood friends! It’s been way too long since we all got together. We reminisced about our wild adventures and laughed until our sides hurt. It’s crazy how some things never change, like our inside jokes and silly stories. Grateful for these friendships that stand the test of time! Can’t wait for the next reunion!","
Happy birthday to the love of my life! You bring so much joy and laughter into my world, and I’m endlessly grateful for every moment we share. Your kindness, strength, and passion inspire me every day. Here’s to celebrating you today and all the amazing adventures ahead! Can’t wait to spoil you and make this day unforgettable. Love you to the moon and back!",High,0,"IF a person describes enjoying lively and vibrant social events with diverse activities, THEN openness is likely High because this shows a propensity for embracing new experiences.",We reminisced about our wild adventures and laughed until our sides hurt.,High,0,High,0
39,openness,Moderate,"Had an amazing night catching up with my childhood friends! It’s been way too long since we all got together. We reminisced about our wild adventures and laughed until our sides hurt. It’s crazy how some things never change, like our inside jokes and silly stories. Grateful for these friendships that stand the test of time! Can’t wait for the next reunion!","
Happy birthday to the love of my life! You bring so much joy and laughter into my world, and I’m endlessly grateful for every moment we share. Your kindness, strength, and passion inspire me every day. Here’s to celebrating you today and all the amazing adventures ahead! Can’t wait to spoil you and make this day unforgettable. Love you to the moon and back!",High,0,"IF a person expresses gratitude for shared experiences, THEN openness is likely High because this indicates an appreciation for social interactions and new connections.",Grateful for these friendships that stand the test of time!,High,0,High,0
39,openness,Moderate,"Had an amazing night catching up with my childhood friends! It’s been way too long since we all got together. We reminisced about our wild adventures and laughed until our sides hurt. It’s crazy how some things never change, like our inside jokes and silly stories. Grateful for these friendships that stand the test of time! Can’t wait for the next reunion!","
Happy birthday to the love of my life! You bring so much joy and laughter into my world, and I’m endlessly grateful for every moment we share. Your kindness, strength, and passion inspire me every day. Here’s to celebrating you today and all the amazing adventures ahead! Can’t wait to spoil you and make this day unforgettable. Love you to the moon and back!",High,0,"IF a person expresses excitement about future amazing adventures, THEN openness is likely High because this indicates a willingness to embrace new experiences.",Here’s to celebrating you today and all the amazing adventures ahead!,High,0,High,0
40,openness,Low,had fun today! got to see my friends that i've grown up with. im grateful to go through life with them and to see them grow as people. every accomplishment i will be there for becauase i know they will be there for me. i am truly grateful to have such a strong group of people around me and to uplift me.,"happy birthday my love. i am so proud of you. you are my best friend, my ace, my rock. i love you more than every. you keep me on my feet and you never let my crown tip. even trhrough all the trials and tribulations. i am lucky to have someone like you in my corner. you never fail to make me happt",Low,1,"IF a person expresses feelings of nostalgia about past friendships but fails to mention new experiences or plans, THEN openness is likely Low because this indicates a preference for familiarity over new interactions.",grateful to go through life with friends that I've grown up with,High,0,High,0
40,openness,Low,had fun today! got to see my friends that i've grown up with. im grateful to go through life with them and to see them grow as people. every accomplishment i will be there for becauase i know they will be there for me. i am truly grateful to have such a strong group of people around me and to uplift me.,"happy birthday my love. i am so proud of you. you are my best friend, my ace, my rock. i love you more than every. you keep me on my feet and you never let my crown tip. even trhrough all the trials and tribulations. i am lucky to have someone like you in my corner. you never fail to make me happt",Low,1,"IF a person emphasizes feelings regarding long-standing relationships over engaging with new people, THEN openness is likely Low because this suggests a preference for established connections rather than seeking new experiences.",i am lucky to have someone like you in my corner,High,0,High,0
43,openness,Low,"Good to finally get back together with the crew haha, been a long time coming but definitely worth the wait. All those memories, all the good times and the best part about it, we get to recreate those memories and relive them every time we talk about them. Good to see everytime. Until the next time!","Happy birthday to the most gorgeous girl i've ever laid eyes on in my entire life. I always felt as though i was missing something in life, and now that i've found you i finally feel whole. I hope you have the best day and i hope you get everything you want out of life. Love you. I'll be raising a glass today, To more happiness and more memories!",Low,1,"IF a person expresses feelings of nostalgia about past friendships but fails to mention new experiences or plans, THEN openness is likely Low because this indicates a preference for familiarity over new interactions.",reflections on creating and reliving memories with friends,High,0,Moderate,0
43,openness,Low,"Good to finally get back together with the crew haha, been a long time coming but definitely worth the wait. All those memories, all the good times and the best part about it, we get to recreate those memories and relive them every time we talk about them. Good to see everytime. Until the next time!","Happy birthday to the most gorgeous girl i've ever laid eyes on in my entire life. I always felt as though i was missing something in life, and now that i've found you i finally feel whole. I hope you have the best day and i hope you get everything you want out of life. Love you. I'll be raising a glass today, To more happiness and more memories!",Low,1,"IF a person emphasizes feelings regarding long-standing relationships over engaging with new people, THEN openness is likely Low because this suggests a preference for established connections rather than seeking new experiences.","sentiments about love and appreciation for a significant other, missing something until finding them",High,0,Moderate,0
48,openness,Moderate,It feels so good to have the gang back together again! we had a lush dinner at Il Michelangelo and won a few games of bowling over at AllStars xoxo we loved reliving the same excitement from when we were young ~ that was 13 years ago! :O &lt;3 P.S. no one noticed that my heel was starting to break...,"my darling, my dearest. I couldn't imagine life without you and your dimpled smiles and cuddles. when life gets tough, you're there for me and me for you. I feel so blessed that we found each other and that we get to share this adventure of life together. You've hit a quarter of a century and here's to many more. I love you, happy birthday! &lt;3",Moderate,1,"IF a person shares in a post that they had an amazing time reconnecting with friends and look forward to future gatherings, THEN openness is likely High because this reflects a desire for new experiences and connections.",It feels so good to have the gang back together again!,High,0,High,0
48,openness,Moderate,It feels so good to have the gang back together again! we had a lush dinner at Il Michelangelo and won a few games of bowling over at AllStars xoxo we loved reliving the same excitement from when we were young ~ that was 13 years ago! :O &lt;3 P.S. no one noticed that my heel was starting to break...,"my darling, my dearest. I couldn't imagine life without you and your dimpled smiles and cuddles. when life gets tough, you're there for me and me for you. I feel so blessed that we found each other and that we get to share this adventure of life together. You've hit a quarter of a century and here's to many more. I love you, happy birthday! &lt;3",Moderate,1,"IF a person emphasizes feelings regarding long-standing relationships over engaging with new people, THEN openness is likely Low because this suggests a preference for established connections rather than seeking new experiences.",I couldn't imagine life without you and your dimpled smiles and cuddles.,High,0,High,0
48,openness,Moderate,It feels so good to have the gang back together again! we had a lush dinner at Il Michelangelo and won a few games of bowling over at AllStars xoxo we loved reliving the same excitement from when we were young ~ that was 13 years ago! :O &lt;3 P.S. no one noticed that my heel was starting to break...,"my darling, my dearest. I couldn't imagine life without you and your dimpled smiles and cuddles. when life gets tough, you're there for me and me for you. I feel so blessed that we found each other and that we get to share this adventure of life together. You've hit a quarter of a century and here's to many more. I love you, happy birthday! &lt;3",Moderate,1,"IF a person reflects primarily on past memories without mentions of experiences or plans for the future, THEN openness is likely Low because this suggests a focus on traditional routines rather than new opportunities.",we loved reliving the same excitement from when we were young ~ that was 13 years ago!,High,0,High,0
56,openness,High,Finally back together again! Been far too long since we've seen each other but the three idiots are together and making mischief again at last. My cheeks and sides are already hurting from laughing too much. Time to set the world to rights and consume exhorbitant amounts of alcohol. Cheers!,"Happy birthday Big Ears! Just kidding, happy birthday to the loveliest man in the whole wide world! Another year older and just getting cuter (and somehow more silly) with age. Hope you have the best day with the best group of misfits and copious amounts of steak, cake an champagne! Lot's of prezzies waiting for you too!",High,1,"IF a person shares in a post that they had an amazing time reconnecting with friends and look forward to future gatherings, THEN openness is likely High because this reflects a desire for new experiences and connections.",Finally back together again! Been far too long since we've seen each other but the three idiots are together and making mischief again at last.,High,1,High,1
56,openness,High,Finally back together again! Been far too long since we've seen each other but the three idiots are together and making mischief again at last. My cheeks and sides are already hurting from laughing too much. Time to set the world to rights and consume exhorbitant amounts of alcohol. Cheers!,"Happy birthday Big Ears! Just kidding, happy birthday to the loveliest man in the whole wide world! Another year older and just getting cuter (and somehow more silly) with age. Hope you have the best day with the best group of misfits and copious amounts of steak, cake an champagne! Lot's of prezzies waiting for you too!",High,1,"IF a person details enjoyable gatherings with friends and expresses gratitude for shared experiences, THEN openness is likely High because this indicates an appreciation for social interactions and new connections.",My cheeks and sides are already hurting from laughing too much.,High,1,High,1
56,openness,High,Finally back together again! Been far too long since we've seen each other but the three idiots are together and making mischief again at last. My cheeks and sides are already hurting from laughing too much. Time to set the world to rights and consume exhorbitant amounts of alcohol. Cheers!,"Happy birthday Big Ears! Just kidding, happy birthday to the loveliest man in the whole wide world! Another year older and just getting cuter (and somehow more silly) with age. Hope you have the best day with the best group of misfits and copious amounts of steak, cake an champagne! Lot's of prezzies waiting for you too!",High,1,"IF a person shares excitement about upcoming plans or events with friends, THEN openness is likely High because this indicates an eagerness to explore new experiences.","Hope you have the best day with the best group of misfits and copious amounts of steak, cake an champagne!",High,1,High,1
58,openness,Low,Was so great to see my childhood friends at the catch up recently.  So many old faces and memories.  It's so weird how everything has changed but also stayed the same at the same time.  Lucky to still have such a great group and a toast to those that couldn't be with us. Missed and not forgotten. xo ,Well another year older but no wiser just about sums it up!  Happiest of birthdays to my partner in crime! Expanding the birthday out over a whole weekend with drinks and dinner on our weekend getaway. Let's drink great wine and eat all the cake! London here we come. We love you xxx,Moderate,0,"IF a person expresses feelings of nostalgia about past friendships but fails to mention new experiences or plans, THEN openness is likely Low because this indicates a preference for familiarity over new interactions.",It's so weird how everything has changed but also stayed the same at the same time.,Moderate,0,High,0
58,openness,Low,Was so great to see my childhood friends at the catch up recently.  So many old faces and memories.  It's so weird how everything has changed but also stayed the same at the same time.  Lucky to still have such a great group and a toast to those that couldn't be with us. Missed and not forgotten. xo ,Well another year older but no wiser just about sums it up!  Happiest of birthdays to my partner in crime! Expanding the birthday out over a whole weekend with drinks and dinner on our weekend getaway. Let's drink great wine and eat all the cake! London here we come. We love you xxx,Moderate,0,"IF a person shares excitement about upcoming plans or events with friends, THEN openness is likely High because this indicates an eagerness to explore new experiences.",Expanding the birthday out over a whole weekend with drinks and dinner on our weekend getaway.,Moderate,0,High,0
60,openness,High,"Seeing all my old friends today as we gather for a meal in our favourite local restaurant has made me feel so nostalgic and happy. We all grew up together and went to the same little local school, it feels so long ago and we and the world around has changed so much, sometimes I think too much, and to able to get together and share all our memories is so comforting.","To my lovely and supportive partner, whose birthday it is today, I hope you have a lovely need and get everything you wish for, you certainly deserve it, you have been a wonderful partner to me and such a good father to our sons, where would we be without you, you always put us first and show us you care, it means the world to us to know we have your love and support.",Low,0,"IF a person expresses feelings of nostalgia about past friendships but fails to mention new experiences or plans, THEN openness is likely Low because this indicates a preference for familiarity over new interactions.",feeling nostalgic and happy about old friends and sharing memories,Moderate,0,High,1
60,openness,High,"Seeing all my old friends today as we gather for a meal in our favourite local restaurant has made me feel so nostalgic and happy. We all grew up together and went to the same little local school, it feels so long ago and we and the world around has changed so much, sometimes I think too much, and to able to get together and share all our memories is so comforting.","To my lovely and supportive partner, whose birthday it is today, I hope you have a lovely need and get everything you wish for, you certainly deserve it, you have been a wonderful partner to me and such a good father to our sons, where would we be without you, you always put us first and show us you care, it means the world to us to know we have your love and support.",Low,0,"IF a person emphasizes feelings regarding long-standing relationships over engaging with new people, THEN openness is likely Low because this suggests a preference for established connections rather than seeking new experiences.",valuing the love and support of their partner and the comforts of long-standing relationships,Moderate,0,High,1
